{
  "city": "ankara",
  "cityName": "Ankara",
  "cityId": 6,
  "date": "2026-02-15",
  "updatedAt": "2026-02-15T01:00:16.499Z",
  "count": 58,
  "pharmacies": [
    {
      "id": "ankara-0",
      "name": "MAVİ DÜŞ ECZANESİ",
      "address": "Kızılırmak Mah. 1450. Sok. No:18/75 Çankaya/ Ankara (SGK İLE ANLAŞMASI YOKTUR) , Özel Koru Hastanesi yanı 03125140088",
      "phone": "03125140088",
      "district": "Çankaya",
      "city": "Ankara",
      "latitude": 39.902192344155,
      "longitude": 32.812801306472,
      "dutyStart": "2026-02-15T08:30:00.000Z",
      "dutyEnd": "2026-02-16T08:30:00.000Z"
    },
    {
      "id": "ankara-1",
      "name": "TURUNÇ ECZANESİ",
      "address": "Mareşal Fevzi Çakmak Cad.No:6/B Beşevler/ Çankaya/ Ankara , Beşevler Metrosu Çıkışı 03122151737",
      "phone": "03122151737",
      "district": "Çankaya",
      "city": "Ankara",
      "latitude": 39.931962887119,
      "longitude": 32.829401493073,
      "dutyStart": "2026-02-15T08:30:00.000Z",
      "dutyEnd": "2026-02-16T08:30:00.000Z"
    },
    {
      "id": "ankara-2",
      "name": "RABİA TUĞBA ECZANESİ",
      "address": "Mehmet Akif Ersoy Mah. Park Avenue Sitesi No:78/3 Yenimahalle/ANKARA , YDA Blokları-Pınar İlk.Okulu kar. 03125045083",
      "phone": "03125045083",
      "district": "Yenimahalle",
      "city": "Ankara",
      "latitude": 39.966451845607,
      "longitude": 32.773040235043,
      "dutyStart": "2026-02-15T08:30:00.000Z",
      "dutyEnd": "2026-02-16T08:30:00.000Z"
    },
    {
      "id": "ankara-3",
      "name": "PERİHAN ECZANESİ",
      "address": "Çarşı Cad. No:19/A Yenimahalle / ANKARA , Eski M.Kaymakamlığı-Y.M.Belediye arası 03123154137",
      "phone": "03123154137",
      "district": "Yenimahalle",
      "city": "Ankara",
      "latitude": 39.964186426168,
      "longitude": 32.81089425087,
      "dutyStart": "2026-02-15T08:30:00.000Z",
      "dutyEnd": "2026-02-16T08:30:00.000Z"
    },
    {
      "id": "ankara-4",
      "name": "ŞİFA ECZANESİ",
      "address": "Durali Alıç Mah. Şehit Hakan Yorulmaz Cad. No:50/A , Durali Alıç ASM (Şeh.Muhammed Emin Önk) kar. 05300929687",
      "phone": "05300929687",
      "district": "Ankara",
      "city": "Ankara",
      "latitude": 39.908562853077,
      "longitude": 32.92922665123,
      "dutyStart": "2026-02-15T08:30:00.000Z",
      "dutyEnd": "2026-02-16T08:30:00.000Z"
    },
    {
      "id": "ankara-5",
      "name": "YENİ BAHAR ECZANESİ",
      "address": "Tunus Cad. No:85/C Kavaklıdere /Çankaya/ ANKARA , 03124286301",
      "phone": "03124286301",
      "district": "Çankaya",
      "city": "Ankara",
      "latitude": 39.9067817374,
      "longitude": 32.858852148056,
      "dutyStart": "2026-02-15T08:30:00.000Z",
      "dutyEnd": "2026-02-16T08:30:00.000Z"
    },
    {
      "id": "ankara-6",
      "name": "İLKEM ECZANESİ",
      "address": "Birlik Mah. 435.Cadde No:40/A Çankaya/ANKARA , Çukurca Fatih Cami karşısı 03124961705",
      "phone": "03124961705",
      "district": "Çankaya",
      "city": "Ankara",
      "latitude": 39.878382441862,
      "longitude": 32.875358462334,
      "dutyStart": "2026-02-15T08:30:00.000Z",
      "dutyEnd": "2026-02-16T08:30:00.000Z"
    },
    {
      "id": "ankara-7",
      "name": "DURU ECZANESİ",
      "address": "Kızılay mah. Fevzi Çakmak 2. Sok. No:41/A-G Kızılay/Çankaya/ANKARA , 03122306419",
      "phone": "03122306419",
      "district": "Çankaya",
      "city": "Ankara",
      "latitude": 39.921480952042,
      "longitude": 32.848442929517,
      "dutyStart": "2026-02-15T08:30:00.000Z",
      "dutyEnd": "2026-02-16T08:30:00.000Z"
    },
    {
      "id": "ankara-8",
      "name": "HAP ŞURUP ECZANESİ",
      "address": "Örnek Mah. Pamuk Sok.No:15/A-B Altındağ/ ANKARA , 03125173309",
      "phone": "03125173309",
      "district": "Altındağ",
      "city": "Ankara",
      "latitude": 39.953769567297,
      "longitude": 32.865533530712,
      "dutyStart": "2026-02-15T08:30:00.000Z",
      "dutyEnd": "2026-02-16T08:30:00.000Z"
    },
    {
      "id": "ankara-9",
      "name": "AYDOĞAN ECZANESİ",
      "address": "Barış Yolu Cad. No:49/C İncirli /Keçiören ANKARA , 03123262223",
      "phone": "03123262223",
      "district": "Ankara",
      "city": "Ankara",
      "latitude": 39.984223121246,
      "longitude": 32.844378948212,
      "dutyStart": "2026-02-15T08:30:00.000Z",
      "dutyEnd": "2026-02-16T08:30:00.000Z"
    },
    {
      "id": "ankara-10",
      "name": "ETLİK ŞEHİR ECZANESİ",
      "address": "Aşağı Eğlence Mh.Halil Sezai Erkut Cd.No:6/B-A Keçiören/ ANKARA , Etlik Şehir Hast. G8 Kapısı Karşısı 03125141616",
      "phone": "03125141616",
      "district": "Keçiören",
      "city": "Ankara",
      "latitude": 39.969156066073,
      "longitude": 32.831481546164,
      "dutyStart": "2026-02-15T08:30:00.000Z",
      "dutyEnd": "2026-02-16T08:30:00.000Z"
    },
    {
      "id": "ankara-11",
      "name": "LEYLA ECZANESİ",
      "address": "Bostancık Mah. 1589. Sok. No:7/A Mamak/-(Altındağ) ANKARA , Bostancık Sağlık Ocağı Karşısı 03125110007",
      "phone": "03125110007",
      "district": "Ankara",
      "city": "Ankara",
      "latitude": 39.961627974305,
      "longitude": 32.935793023917,
      "dutyStart": "2026-02-15T08:30:00.000Z",
      "dutyEnd": "2026-02-16T08:30:00.000Z"
    },
    {
      "id": "ankara-12",
      "name": "BAŞAKSU ECZANESİ",
      "address": "Pınarbaşı Mh. Sanatoryum Cad. Ana Sok. No:1/15 Keçiören /ANKARA , Keçiören Eğt.ve Arş.Hast.kar. 03123574941",
      "phone": "03123574941",
      "district": "Keçiören",
      "city": "Ankara",
      "latitude": 40.003703316613,
      "longitude": 32.856642007828,
      "dutyStart": "2026-02-15T08:30:00.000Z",
      "dutyEnd": "2026-02-16T08:30:00.000Z"
    },
    {
      "id": "ankara-13",
      "name": "YÜCESOY ECZANESİ",
      "address": "Bağlarbaşı Mah. Kızlarpınarı Cad. No:100/D Keçiören/ ANKARA , Kuyubaşı Metro Durağı önü 03123600300",
      "phone": "03123600300",
      "district": "Keçiören",
      "city": "Ankara",
      "latitude": 39.989451263434,
      "longitude": 32.875581085682,
      "dutyStart": "2026-02-15T08:30:00.000Z",
      "dutyEnd": "2026-02-16T08:30:00.000Z"
    },
    {
      "id": "ankara-14",
      "name": "YENİ OLCAY ECZANESİ",
      "address": "Uçarlı Sok. No:31/C Yukarı Ayrancı /Çankaya/ ANKARA , Ayrancı Kapalı Pazarı Karşısı 03124677991",
      "phone": "03124677991",
      "district": "Çankaya",
      "city": "Ankara",
      "latitude": 39.901999955344,
      "longitude": 32.846245765686,
      "dutyStart": "2026-02-15T08:30:00.000Z",
      "dutyEnd": "2026-02-16T08:30:00.000Z"
    },
    {
      "id": "ankara-15",
      "name": "ZEYNEP AZRA ECZANESİ",
      "address": "Harbiye Mah. Dikmen Cad.No:210/A Çankaya/ANKARA , 03124803484",
      "phone": "03124803484",
      "district": "Çankaya",
      "city": "Ankara",
      "latitude": 39.885676061295,
      "longitude": 32.83960648605,
      "dutyStart": "2026-02-15T08:30:00.000Z",
      "dutyEnd": "2026-02-16T08:30:00.000Z"
    },
    {
      "id": "ankara-16",
      "name": "TAŞKENT ECZANESİ",
      "address": "Gökkuşağı Mah. Ceyhun Atuf Kansu Caddesi No:209/A Balgat/ Çankaya/ ANKARA , 03122227980",
      "phone": "03122227980",
      "district": "Çankaya",
      "city": "Ankara",
      "latitude": 39.874903748422,
      "longitude": 32.816671729088,
      "dutyStart": "2026-02-15T08:30:00.000Z",
      "dutyEnd": "2026-02-16T08:30:00.000Z"
    },
    {
      "id": "ankara-17",
      "name": "KAYIRAN ECZANESİ",
      "address": "Camiatik Mah. Cumhuriyet Meydanı No:30/31 Ayaş / ANKARA , 03127121084",
      "phone": "03127121084",
      "district": "Ayaş",
      "city": "Ankara",
      "latitude": 40.019201307687,
      "longitude": 32.330703735352,
      "dutyStart": "2026-02-15T08:30:00.000Z",
      "dutyEnd": "2026-02-16T08:30:00.000Z"
    },
    {
      "id": "ankara-18",
      "name": "RÜMEYSA ECZANESİ",
      "address": "Atatürk Mah. Ankara Cad. No:17/B Sincan/ANKARA , Sincan Yapıkredi Bankası yanı 05559893544",
      "phone": "05559893544",
      "district": "Sincan",
      "city": "Ankara",
      "latitude": 39.961842809822,
      "longitude": 32.580395936966,
      "dutyStart": "2026-02-15T08:30:00.000Z",
      "dutyEnd": "2026-02-16T08:30:00.000Z"
    },
    {
      "id": "ankara-19",
      "name": "YUSUF KOÇ ECZANESİ",
      "address": "Osmanlı Mah.Saadet Cad.Sultanbey Sitesi No:20/A Sincan/ANKARA , Osmanlı ASM Karşısı-SalıPazarı ustu 03122612888",
      "phone": "03122612888",
      "district": "Sincan",
      "city": "Ankara",
      "latitude": 39.948359288185,
      "longitude": 32.588694691658,
      "dutyStart": "2026-02-15T08:30:00.000Z",
      "dutyEnd": "2026-02-16T08:30:00.000Z"
    },
    {
      "id": "ankara-20",
      "name": "SİNCAN ECZANESİ",
      "address": "Gökçek Mah. 250.Cadde 11/C-83 Törekent/ Sincan/ ANKARA , Sincan Eğitim Araş.Hastanesi Karşısı 03122704142",
      "phone": "03122704142",
      "district": "Sincan",
      "city": "Ankara",
      "latitude": 39.984048431915,
      "longitude": 32.570714575395,
      "dutyStart": "2026-02-15T08:30:00.000Z",
      "dutyEnd": "2026-02-16T08:30:00.000Z"
    },
    {
      "id": "ankara-21",
      "name": "ESRA ERBEYİ ECZANESİ",
      "address": "Beyazıt Mah. Nurettin Cankurtaran Cad. No:34/B Akyurt , 03128440695",
      "phone": "03128440695",
      "district": "Ankara",
      "city": "Ankara",
      "latitude": 40.130486987837,
      "longitude": 33.081515729427,
      "dutyStart": "2026-02-15T08:30:00.000Z",
      "dutyEnd": "2026-02-16T08:30:00.000Z"
    },
    {
      "id": "ankara-22",
      "name": "YENİ ECZANESİ",
      "address": "Beytepe Mah. Kayhan Güven Cad. No:1 Beypazarı/ANKARA , Merkez Hanlar önü 03127631029",
      "phone": "03127631029",
      "district": "Beypazarı",
      "city": "Ankara",
      "latitude": 40.166281254207,
      "longitude": 31.92626953125,
      "dutyStart": "2026-02-15T08:30:00.000Z",
      "dutyEnd": "2026-02-16T08:30:00.000Z"
    },
    {
      "id": "ankara-23",
      "name": "ASLI DİNÇER ECZANESİ",
      "address": "Topçu Mah. 1521. Cad. No:8/A Elvankent/ Etimesgut/ ANKARA , Topçu Çarşamba pazarı yakını 03122602145",
      "phone": "03122602145",
      "district": "Etimesgut",
      "city": "Ankara",
      "latitude": 39.952535393082,
      "longitude": 32.616569914899,
      "dutyStart": "2026-02-15T08:30:00.000Z",
      "dutyEnd": "2026-02-16T08:30:00.000Z"
    },
    {
      "id": "ankara-24",
      "name": "YEŞİL ELMA ECZANESİ",
      "address": "Kazım Karabekir Mah. Keloğlan Sok. No:68/8 Etimesgut/ANKARA , 2 Nolu Aile Sağlığı Mer.Karşısı 03122454563",
      "phone": "03122454563",
      "district": "Etimesgut",
      "city": "Ankara",
      "latitude": 39.944859470693,
      "longitude": 32.648770809174,
      "dutyStart": "2026-02-15T08:30:00.000Z",
      "dutyEnd": "2026-02-16T08:30:00.000Z"
    },
    {
      "id": "ankara-25",
      "name": "SERPİLİN ECZANESİ",
      "address": "Fatih Sultan Mah. Üniversite Cad. C Blok No:44/15 Etimesgut/ANKARA , Arsia İş Merkezi Migros'un yanı 05441607757",
      "phone": "05441607757",
      "district": "Etimesgut",
      "city": "Ankara",
      "latitude": 39.883773038886,
      "longitude": 32.655825018883,
      "dutyStart": "2026-02-15T08:30:00.000Z",
      "dutyEnd": "2026-02-16T08:30:00.000Z"
    },
    {
      "id": "ankara-26",
      "name": "ARCADİA PARK ECZANESİ",
      "address": "Şehit Osman Avcı Mah. Malazgirt 1071. Cad. No;49 A/C Eryaman Etimesgut/ANKARA , Tüv Türk ilerisi- Relax Konutları yanı 03125024283",
      "phone": "03125024283",
      "district": "Etimesgut",
      "city": "Ankara",
      "latitude": 39.985493201397,
      "longitude": 32.65499670515,
      "dutyStart": "2026-02-15T08:30:00.000Z",
      "dutyEnd": "2026-02-16T08:30:00.000Z"
    },
    {
      "id": "ankara-27",
      "name": "CANKARA ECZANESİ",
      "address": "Cumhuriyet Cad. No:6/1 Haymana / ANKARA , 03126582425",
      "phone": "03126582425",
      "district": "Haymana",
      "city": "Ankara",
      "latitude": 39.43851310464,
      "longitude": 32.495112419128,
      "dutyStart": "2026-02-15T08:30:00.000Z",
      "dutyEnd": "2026-02-16T08:30:00.000Z"
    },
    {
      "id": "ankara-28",
      "name": "SEVGİ ECZANESİ",
      "address": "Satıkadın Mah. Ankara Bulvarı No:100/B Kahramankazan/ANKARA , 03128000015",
      "phone": "03128000015",
      "district": "Kahramankazan",
      "city": "Ankara",
      "latitude": 40.21089629349,
      "longitude": 32.682028757772,
      "dutyStart": "2026-02-15T08:30:00.000Z",
      "dutyEnd": "2026-02-16T08:30:00.000Z"
    },
    {
      "id": "ankara-29",
      "name": "MERVE ECZANESİ",
      "address": "Yenice Mah. Cengiz Topel Cad.No:5/A Kızılcahamam / ANKARA , 03127361332",
      "phone": "03127361332",
      "district": "Kızılcahamam",
      "city": "Ankara",
      "latitude": 40.470834312559,
      "longitude": 32.648214586079,
      "dutyStart": "2026-02-15T08:30:00.000Z",
      "dutyEnd": "2026-02-16T08:30:00.000Z"
    },
    {
      "id": "ankara-30",
      "name": "ZEYNEP ULUCAN ECZANESİ",
      "address": "Karşıyaka Mah. Cumhuriyet Cad. No:3 Lalahan/ ANKARA (Sağlık Ocağı yanı) , “ÖZEL NÖBET BÖLGESİ. LÜTFEN ECZANEYİ TELEFON İLE ARAYİNİZ.\" 05010793360",
      "phone": "05010793360",
      "district": "Lalahan",
      "city": "Ankara",
      "latitude": 39.964030187577,
      "longitude": 33.107439279556,
      "dutyStart": "2026-02-15T08:30:00.000Z",
      "dutyEnd": "2026-02-16T08:30:00.000Z"
    },
    {
      "id": "ankara-31",
      "name": "TAYFUN TANER ECZANESİ",
      "address": "Ali Ağa Mah. Bursa Cad. No:8 Nallıhan / ANKARA , 03127856000",
      "phone": "03127856000",
      "district": "Nallıhan",
      "city": "Ankara",
      "latitude": 0,
      "longitude": 0,
      "dutyStart": "2026-02-15T08:30:00.000Z",
      "dutyEnd": "2026-02-16T08:30:00.000Z"
    },
    {
      "id": "ankara-32",
      "name": "KERİMOĞLU ECZANESİ",
      "address": "Şentepe Mah. Yalta Sok. No:1/1 Polatlı ANKARA , (Şentepe Sağlık Ocağı Karşısı) 03126242465",
      "phone": "03126242465",
      "district": "Ankara",
      "city": "Ankara",
      "latitude": 39.565313384733,
      "longitude": 32.138303518295,
      "dutyStart": "2026-02-15T08:30:00.000Z",
      "dutyEnd": "2026-02-16T08:30:00.000Z"
    },
    {
      "id": "ankara-33",
      "name": "DOĞA GÜNEŞ ECZANESİ",
      "address": "Fatih Mah. Hüsrev Sok. No:2/A Pursaklar/ANKARA , A Life Hastanesi Karşısı 03123282808",
      "phone": "03123282808",
      "district": "Pursaklar",
      "city": "Ankara",
      "latitude": 40.043409873426,
      "longitude": 32.906814068556,
      "dutyStart": "2026-02-15T08:30:00.000Z",
      "dutyEnd": "2026-02-16T08:30:00.000Z"
    },
    {
      "id": "ankara-34",
      "name": "HAYAT ECZANESİ",
      "address": "Yenişehir Mah. 260.sok No:2/D Yahşihan/KIRIKKALE , Tıp Fakültesi Hastanesi karşısı 03182240660",
      "phone": "03182240660",
      "district": "Ankara",
      "city": "Ankara",
      "latitude": 39.869390995946,
      "longitude": 33.457124233246,
      "dutyStart": "2026-02-15T08:30:00.000Z",
      "dutyEnd": "2026-02-16T08:30:00.000Z"
    },
    {
      "id": "ankara-35",
      "name": "MERAL UZUNÖZ ECZANESİ",
      "address": "Yeni Mah. İsmetpaşa Cad. No:2 Şereflikoçhisar/ANKARA , 03126876218",
      "phone": "03126876218",
      "district": "Şereflikoçhisar",
      "city": "Ankara",
      "latitude": 0,
      "longitude": 0,
      "dutyStart": "2026-02-15T08:30:00.000Z",
      "dutyEnd": "2026-02-16T08:30:00.000Z"
    },
    {
      "id": "ankara-36",
      "name": "ERDEM ECZANESİ",
      "address": "Şeyh Kuyusu Mah. Taşkın Sok. No:1 Şereflikoçhisar /ANKARA , 03126878368",
      "phone": "03126878368",
      "district": "Şereflikoçhisar",
      "city": "Ankara",
      "latitude": 0,
      "longitude": 0,
      "dutyStart": "2026-02-15T08:30:00.000Z",
      "dutyEnd": "2026-02-16T08:30:00.000Z"
    },
    {
      "id": "ankara-37",
      "name": "METİN ECZANESİ",
      "address": "Kurtuluş Mah.İnönü Cad.No:1/C Karakeçili/ KIRIKKALE , 03184743033",
      "phone": "03184743033",
      "district": "Ankara",
      "city": "Ankara",
      "latitude": 39.598744363923,
      "longitude": 33.379865884781,
      "dutyStart": "2026-02-15T08:30:00.000Z",
      "dutyEnd": "2026-02-16T08:30:00.000Z"
    },
    {
      "id": "ankara-38",
      "name": "YENİ AYŞEM ECZANESİ",
      "address": "Halit Cevri Aslangil Mah.20. Sok.No:14/C Kalecik/ANKARA , 03128570859",
      "phone": "03128570859",
      "district": "Kalecik",
      "city": "Ankara",
      "latitude": 40.097114480436,
      "longitude": 33.408908843994,
      "dutyStart": "2026-02-15T08:30:00.000Z",
      "dutyEnd": "2026-02-16T08:30:00.000Z"
    },
    {
      "id": "ankara-39",
      "name": "ZEYNEB ECZANESİ",
      "address": "Seğmenler Mah. Cumhuriyet Cad. No:126B/D Gölbaşı/ANKARA , Şehirparkı-Sosyal Tesisleri karşısı 03125115444",
      "phone": "03125115444",
      "district": "Gölbaşı",
      "city": "Ankara",
      "latitude": 39.79213709517,
      "longitude": 32.825211882591,
      "dutyStart": "2026-02-15T08:30:00.000Z",
      "dutyEnd": "2026-02-16T08:30:00.000Z"
    },
    {
      "id": "ankara-40",
      "name": "KURHAN ECZANESİ",
      "address": "Bağlarbaşı Mah. Huzur Sok.No:1/A Merkez/KIRIKKALE , Yüksek İhtisas Hastanesi Karşısı 03182300160",
      "phone": "03182300160",
      "district": "Ankara",
      "city": "Ankara",
      "latitude": 39.861778840506,
      "longitude": 33.480503708124,
      "dutyStart": "2026-02-15T08:30:00.000Z",
      "dutyEnd": "2026-02-16T08:30:00.000Z"
    },
    {
      "id": "ankara-41",
      "name": "YALÇIN ECZANESİ",
      "address": "Ankara Cad. No:25/A (Yaylacık Mah) Dörtyol/ Merkez KIRIKKALE , Dörtyol 03182182892",
      "phone": "03182182892",
      "district": "Ankara",
      "city": "Ankara",
      "latitude": 39.844073582109,
      "longitude": 33.503172397614,
      "dutyStart": "2026-02-15T08:30:00.000Z",
      "dutyEnd": "2026-02-16T08:30:00.000Z"
    },
    {
      "id": "ankara-42",
      "name": "PARÇAL ECZANESİ",
      "address": "Beytepe Mah. Kanuni Sultan Süleyman Bulvarı No:67AJ Çankaya/ANKARA , (Mira Rezidans Ali Kuşcu Caddesi) 05461590628",
      "phone": "05461590628",
      "district": "Çankaya",
      "city": "Ankara",
      "latitude": 39.862013548384,
      "longitude": 32.713525034487,
      "dutyStart": "2026-02-15T08:30:00.000Z",
      "dutyEnd": "2026-02-16T08:30:00.000Z"
    },
    {
      "id": "ankara-43",
      "name": "GORDİON ECZANESİ",
      "address": "Koru Mah.Ankaralılar Cad. Gordion AVM No:2/B Çankaya/ANKARA , 03122367130",
      "phone": "03122367130",
      "district": "Çankaya",
      "city": "Ankara",
      "latitude": 39.901773614875,
      "longitude": 32.691580206156,
      "dutyStart": "2026-02-15T08:30:00.000Z",
      "dutyEnd": "2026-02-16T08:30:00.000Z"
    },
    {
      "id": "ankara-44",
      "name": "BODUR ECZANESİ",
      "address": "Cumhuriyet Mah.Başak Sok.No:13/C Çubuk/Ankara , Çubuk Devlet Hastanesi arkası 03128386655",
      "phone": "03128386655",
      "district": "Çubuk",
      "city": "Ankara",
      "latitude": 40.23024002195,
      "longitude": 33.032173812389,
      "dutyStart": "2026-02-15T08:30:00.000Z",
      "dutyEnd": "2026-02-16T08:30:00.000Z"
    },
    {
      "id": "ankara-45",
      "name": "TUZLUÇAYIR MERKEZ ECZANESİ",
      "address": "Tuzluçayır Mah. Tıp Fakültesi Cad.No:237/A Mamak/ANKARA , Tuzluçayır Muhtarlığı Karşısı 03125575658",
      "phone": "03125575658",
      "district": "Mamak",
      "city": "Ankara",
      "latitude": 39.925268394471,
      "longitude": 32.905204407871,
      "dutyStart": "2026-02-15T08:30:00.000Z",
      "dutyEnd": "2026-02-16T08:30:00.000Z"
    },
    {
      "id": "ankara-46",
      "name": "CENNET ECZANESİ",
      "address": "Cumhuriyet Mah.Ankara Cad. No:34/A Delice KIRIKKALE , 03186185433",
      "phone": "03186185433",
      "district": "Ankara",
      "city": "Ankara",
      "latitude": 0,
      "longitude": 0,
      "dutyStart": "2026-02-15T08:30:00.000Z",
      "dutyEnd": "2026-02-16T08:30:00.000Z"
    },
    {
      "id": "ankara-47",
      "name": "VERESELİ GÜDÜL ECZANESİ",
      "address": "Yukarı Gençlik Cad. No:10/A Güdül / ANKARA , 03127281533",
      "phone": "03127281533",
      "district": "Güdül",
      "city": "Ankara",
      "latitude": 40.20877009282,
      "longitude": 32.244186401367,
      "dutyStart": "2026-02-15T08:30:00.000Z",
      "dutyEnd": "2026-02-16T08:30:00.000Z"
    },
    {
      "id": "ankara-48",
      "name": "BALA MERKEZ ECZANESİ",
      "address": "Şentepe Mah.Atatürk Bulvarı No:86/C Bala/ ANKARA , 03128761023",
      "phone": "03128761023",
      "district": "Bala",
      "city": "Ankara",
      "latitude": 39.558588858532,
      "longitude": 33.118286132812,
      "dutyStart": "2026-02-15T08:30:00.000Z",
      "dutyEnd": "2026-02-16T08:30:00.000Z"
    },
    {
      "id": "ankara-49",
      "name": "YILMAZ ECZANESİ",
      "address": "Menderes Bulvarı Sağlık 1. Sok. No:2 Hasanoğlan /Elmadağ/ ANKARA (2.Tel:3128661233) , 03128663771",
      "phone": "03128663771",
      "district": "Elmadağ",
      "city": "Ankara",
      "latitude": 39.998689957679,
      "longitude": 33.180084228516,
      "dutyStart": "2026-02-15T08:30:00.000Z",
      "dutyEnd": "2026-02-16T08:30:00.000Z"
    },
    {
      "id": "ankara-50",
      "name": "KESKİN MERKEZ ECZANESİ",
      "address": "Yenice Mah. Prof. Dr. Beşir Atalay Cad. No:18/A Keskin/Kırıkkale , 03185152023",
      "phone": "03185152023",
      "district": "Ankara",
      "city": "Ankara",
      "latitude": 39.67366974166,
      "longitude": 33.615289656445,
      "dutyStart": "2026-02-15T08:30:00.000Z",
      "dutyEnd": "2026-02-16T08:30:00.000Z"
    },
    {
      "id": "ankara-51",
      "name": "ALTINTAŞ ECZANESİ",
      "address": "TEMELLİ-Cumhuriyet Mah. Hürriyet Cad. No:18/18 Temelli/ Sincan/ANKARA , Kasap Ali Yanı 05362810884",
      "phone": "05362810884",
      "district": "Sincan",
      "city": "Ankara",
      "latitude": 39.726681681766,
      "longitude": 32.354539185762,
      "dutyStart": "2026-02-15T08:30:00.000Z",
      "dutyEnd": "2026-02-16T08:30:00.000Z"
    },
    {
      "id": "ankara-52",
      "name": "FEYZA ECZANESİ",
      "address": "BALIŞEYH _Yeni Mahalle Samsun Cad. No:21/A Balışeyh / KIRIKKALE (Tel:05060258662) , PTT ve Belediye yanı, Merkez 03187137277",
      "phone": "03187137277",
      "district": "Ankara",
      "city": "Ankara",
      "latitude": 39.909849391713,
      "longitude": 33.717153034522,
      "dutyStart": "2026-02-15T08:30:00.000Z",
      "dutyEnd": "2026-02-16T08:30:00.000Z"
    },
    {
      "id": "ankara-53",
      "name": "DAMLA SU ECZANESİ",
      "address": "Kemalpaşa Mah.Cumhuriyet Cad. Soğukpınar Sok. No:4 Elmadağ/ANKARA , 03128633222",
      "phone": "03128633222",
      "district": "Elmadağ",
      "city": "Ankara",
      "latitude": 39.915200483975,
      "longitude": 33.236861228943,
      "dutyStart": "2026-02-15T08:30:00.000Z",
      "dutyEnd": "2026-02-16T08:30:00.000Z"
    },
    {
      "id": "ankara-54",
      "name": "AKKENT ECZANESİ",
      "address": "Turgut Özal Mah. 2167. Sok. No:3/C Blok No:11 Batıkent/ Yenimahalle/ ANKARA , Cumhuriyet Akademisi karşısı 03125577070",
      "phone": "03125577070",
      "district": "Yenimahalle",
      "city": "Ankara",
      "latitude": 39.990082148191,
      "longitude": 32.708505920705,
      "dutyStart": "2026-02-15T08:30:00.000Z",
      "dutyEnd": "2026-02-16T08:30:00.000Z"
    },
    {
      "id": "ankara-55",
      "name": "AKASYA ECZANESİ",
      "address": "İnönü Mah. Başkent Oto San. Sit. 1754. Sok. No:47/A Batıkent / Yenimahalle/ANKARA , Bilgi Hastanesi Karşısı 03122780434",
      "phone": "03122780434",
      "district": "Yenimahalle",
      "city": "Ankara",
      "latitude": 39.950542984882,
      "longitude": 32.715353965759,
      "dutyStart": "2026-02-15T08:30:00.000Z",
      "dutyEnd": "2026-02-16T08:30:00.000Z"
    },
    {
      "id": "ankara-56",
      "name": "ALTUNTAŞ ECZANESİ",
      "address": "Fevzi Çakmak Mah. Kazım Karabekir Cad. No:14/A , Yenikent Sağlık Ocağı Karşısı 003122771555",
      "phone": "003122771555",
      "district": "Ankara",
      "city": "Ankara",
      "latitude": 40.013059232194,
      "longitude": 32.51705288887,
      "dutyStart": "2026-02-15T08:30:00.000Z",
      "dutyEnd": "2026-02-16T08:30:00.000Z"
    },
    {
      "id": "ankara-57",
      "name": "Nöbetçi Eczane Bulunamadı",
      "address": "Aradığınız kriterlere uygun nöbetçi eczane bulunamadı. Lütfen farklı bir arama deneyin.",
      "phone": "",
      "district": "Ankara",
      "city": "Ankara",
      "latitude": 0,
      "longitude": 0,
      "dutyStart": "2026-02-15T08:30:00.000Z",
      "dutyEnd": "2026-02-16T08:30:00.000Z"
    }
  ]
}