{
  "city": "ankara",
  "cityName": "Ankara",
  "cityId": 6,
  "date": "2026-02-22",
  "updatedAt": "2026-02-21T22:30:44.696Z",
  "count": 62,
  "pharmacies": [
    {
      "id": "ankara-0",
      "name": "GAZİ ECZANESİ",
      "address": "Gazi Mah. Şenol Cad. No:44 Yenimahalle/ANKARA , 03122234386",
      "phone": "03122234386",
      "district": "Yenimahalle",
      "city": "Ankara",
      "latitude": 39.942578940976,
      "longitude": 32.813976109065,
      "dutyStart": "2026-02-21T08:30:00.000Z",
      "dutyEnd": "2026-02-22T08:30:00.000Z"
    },
    {
      "id": "ankara-1",
      "name": "KADIOĞLU ECZANESİ",
      "address": "Taşkent Cad. (1.Cad.) No:58/A Bahçelievler/ Çankaya/ ANKARA , Bahçelievler Aile Sağlığı Mer.Karşısı 03122127877",
      "phone": "03122127877",
      "district": "Çankaya",
      "city": "Ankara",
      "latitude": 39.926848619095,
      "longitude": 32.829672999696,
      "dutyStart": "2026-02-21T08:30:00.000Z",
      "dutyEnd": "2026-02-22T08:30:00.000Z"
    },
    {
      "id": "ankara-2",
      "name": "SEVİLAY ECZANESİ",
      "address": "Mevlana Bulvarı No:139 B Blok 89 Balgat/Çankaya/ ANKARA , Memorial Hastanesi yanı 03122854864",
      "phone": "03122854864",
      "district": "Çankaya",
      "city": "Ankara",
      "latitude": 39.903448516642,
      "longitude": 32.814477682114,
      "dutyStart": "2026-02-21T08:30:00.000Z",
      "dutyEnd": "2026-02-22T08:30:00.000Z"
    },
    {
      "id": "ankara-3",
      "name": "ÇAĞDA GİZEM ECZANESİ",
      "address": "Pamuklar Mah. Sivas Cad. No:37/2 Yenimahalle/ ANKARA , Pamuklar Mah.Muhtarlığı karşısı 03123310010",
      "phone": "03123310010",
      "district": "Yenimahalle",
      "city": "Ankara",
      "latitude": 39.984077718099,
      "longitude": 32.80868712297,
      "dutyStart": "2026-02-21T08:30:00.000Z",
      "dutyEnd": "2026-02-22T08:30:00.000Z"
    },
    {
      "id": "ankara-4",
      "name": "GÜNDOĞAN ECZANESİ",
      "address": "Tepealtı Mah.İvedik Caddesi No:266/A Yenimahalle/ANKARA , Özel Ortadoğu Hastanesi Karşısı 05537554605",
      "phone": "05537554605",
      "district": "Yenimahalle",
      "city": "Ankara",
      "latitude": 39.964159701171,
      "longitude": 32.802892508917,
      "dutyStart": "2026-02-21T08:30:00.000Z",
      "dutyEnd": "2026-02-22T08:30:00.000Z"
    },
    {
      "id": "ankara-5",
      "name": "İZEL ECZANESİ",
      "address": "Şahintepe Mah. Natoyolu Cad. No:103B Mamak/ ANKARA , Eren Taksi Durağı Karşısı 03123907131",
      "phone": "03123907131",
      "district": "Mamak",
      "city": "Ankara",
      "latitude": 39.912930795491,
      "longitude": 32.914040610194,
      "dutyStart": "2026-02-21T08:30:00.000Z",
      "dutyEnd": "2026-02-22T08:30:00.000Z"
    },
    {
      "id": "ankara-6",
      "name": "TUZLUÇAYIR OCAK ECZANESİ",
      "address": "Asım Gündüz Cad. No.5/A Abidinpaşa /Mamak/ ANKARA , Mamak İlçe Emniyet karşısı 03123657070",
      "phone": "03123657070",
      "district": "Mamak",
      "city": "Ankara",
      "latitude": 39.927674970002,
      "longitude": 32.896488904953,
      "dutyStart": "2026-02-21T08:30:00.000Z",
      "dutyEnd": "2026-02-22T08:30:00.000Z"
    },
    {
      "id": "ankara-7",
      "name": "BİLİR ECZANESİ",
      "address": "Barbaros Mah. Abay Kunanbay Cad. No:52/B Çankaya/ ANKARA , Esat Aspavalar yanı 03124362199",
      "phone": "03124362199",
      "district": "Çankaya",
      "city": "Ankara",
      "latitude": 39.906197406718,
      "longitude": 32.866652011871,
      "dutyStart": "2026-02-21T08:30:00.000Z",
      "dutyEnd": "2026-02-22T08:30:00.000Z"
    },
    {
      "id": "ankara-8",
      "name": "YALIM ECZANESİ",
      "address": "Yıldızevler Mah. Sukarno Cad No:50/B Çankaya/ANKARA , Türkiye Hentbol Fedarasyonu Karşısı 03124672747",
      "phone": "03124672747",
      "district": "Çankaya",
      "city": "Ankara",
      "latitude": 39.873687193275,
      "longitude": 32.855489286594,
      "dutyStart": "2026-02-21T08:30:00.000Z",
      "dutyEnd": "2026-02-22T08:30:00.000Z"
    },
    {
      "id": "ankara-9",
      "name": "YÜCETEPE ECZANESİ",
      "address": "Yücetepe Mah. Gençlik Cad.İlk Sok. No:31/A Anıttepe /Çankaya/ ANKARA , Yüzüncüyıl Yüzme Havuzu Karşısı 03122302582",
      "phone": "03122302582",
      "district": "Çankaya",
      "city": "Ankara",
      "latitude": 39.921065426256,
      "longitude": 32.840336859226,
      "dutyStart": "2026-02-21T08:30:00.000Z",
      "dutyEnd": "2026-02-22T08:30:00.000Z"
    },
    {
      "id": "ankara-10",
      "name": "ATG ECZANESİ",
      "address": "Eti Mah. Celal Bayar Bul. No:78/120 ATG AVM , Yüksek Hızlı Tren Garı İçi 03125777720",
      "phone": "03125777720",
      "district": "Ankara",
      "city": "Ankara",
      "latitude": 39.935064376501,
      "longitude": 32.842487990856,
      "dutyStart": "2026-02-21T08:30:00.000Z",
      "dutyEnd": "2026-02-22T08:30:00.000Z"
    },
    {
      "id": "ankara-11",
      "name": "GÜLLÜOĞLU ECZANESİ",
      "address": "Ulucanlar Cad. No:88/28 Cebeci/Altındağ/ANKARA , Ankara Eğitim Hastanesi Karşısı 03123190761",
      "phone": "03123190761",
      "district": "Altındağ",
      "city": "Ankara",
      "latitude": 39.93523096446,
      "longitude": 32.87577688694,
      "dutyStart": "2026-02-21T08:30:00.000Z",
      "dutyEnd": "2026-02-22T08:30:00.000Z"
    },
    {
      "id": "ankara-12",
      "name": "EZGİCAN ECZANESİ",
      "address": "Yunus Emre Cad. No:149/B İncirli /Keçiören/ ANKARA , Danişment-Yeşilköşk Düğün Salonu Kar 03123581241",
      "phone": "03123581241",
      "district": "Keçiören",
      "city": "Ankara",
      "latitude": 39.985628840312,
      "longitude": 32.854201197624,
      "dutyStart": "2026-02-21T08:30:00.000Z",
      "dutyEnd": "2026-02-22T08:30:00.000Z"
    },
    {
      "id": "ankara-13",
      "name": "OĞUZ HAN ECZANESİ",
      "address": "Adnan Yüksel Cad. No.64B Etlik/Keçiören/ ANKARA , 03123401140",
      "phone": "03123401140",
      "district": "Keçiören",
      "city": "Ankara",
      "latitude": 39.982640625118,
      "longitude": 32.83081337031,
      "dutyStart": "2026-02-21T08:30:00.000Z",
      "dutyEnd": "2026-02-22T08:30:00.000Z"
    },
    {
      "id": "ankara-14",
      "name": "VERESELİ GÜNİZ ECZANESİ",
      "address": "General Tevfik Sağlam Cad. No:7/A Etlik Keçiören/ANKARA , GATA Karşısı 03123210090",
      "phone": "03123210090",
      "district": "Keçiören",
      "city": "Ankara",
      "latitude": 39.969010116958,
      "longitude": 32.840971201658,
      "dutyStart": "2026-02-21T08:30:00.000Z",
      "dutyEnd": "2026-02-22T08:30:00.000Z"
    },
    {
      "id": "ankara-15",
      "name": "ORÇAN ECZANESİ",
      "address": "Sedefçiler Sok.No:16/C Keçiören/ANKARA , Kuyubaşı Camii sokağı üzeri 03123821250",
      "phone": "03123821250",
      "district": "Keçiören",
      "city": "Ankara",
      "latitude": 39.990873314651,
      "longitude": 32.871748209,
      "dutyStart": "2026-02-21T08:30:00.000Z",
      "dutyEnd": "2026-02-22T08:30:00.000Z"
    },
    {
      "id": "ankara-16",
      "name": "SEVGİ GÜLER ECZANESİ",
      "address": "Kuşçağız Mah. Günsazak Cd. No:165 Keçiören/ ANKARA , Sanatoryum Hast.arkası YeniAcil 03123814300",
      "phone": "03123814300",
      "district": "Keçiören",
      "city": "Ankara",
      "latitude": 40.002602052921,
      "longitude": 32.852418869734,
      "dutyStart": "2026-02-21T08:30:00.000Z",
      "dutyEnd": "2026-02-22T08:30:00.000Z"
    },
    {
      "id": "ankara-17",
      "name": "VİOLA ECZANESİ",
      "address": "Yukarı Dikmen Mah. 648. Cad. No:20A/3 Çankaya/ ANKARA , Sinpaş Ege Vadisi Alaçatı Çarşısı 03125132665",
      "phone": "03125132665",
      "district": "Çankaya",
      "city": "Ankara",
      "latitude": 39.855403332207,
      "longitude": 32.84449160099,
      "dutyStart": "2026-02-21T08:30:00.000Z",
      "dutyEnd": "2026-02-22T08:30:00.000Z"
    },
    {
      "id": "ankara-18",
      "name": "YAĞIZ ECZANESİ",
      "address": "Huzur Mah. Lizbon Caddesi No:104/A Öveçler/Dikmen/Çankaya/ ANKARA , (Eski 2.Cad) ATA ASM kar. 03124797160",
      "phone": "03124797160",
      "district": "Çankaya",
      "city": "Ankara",
      "latitude": 39.8786047429,
      "longitude": 32.823050022125,
      "dutyStart": "2026-02-21T08:30:00.000Z",
      "dutyEnd": "2026-02-22T08:30:00.000Z"
    },
    {
      "id": "ankara-19",
      "name": "MERVE ECZANESİ",
      "address": "Harbiye Mah. Dikmen Cad. Zarif Sok. No: 2/C Çankaya/ANKARA , Eski 156 No'lu Bina 03124829564",
      "phone": "03124829564",
      "district": "Çankaya",
      "city": "Ankara",
      "latitude": 39.891105957993,
      "longitude": 32.841116894197,
      "dutyStart": "2026-02-21T08:30:00.000Z",
      "dutyEnd": "2026-02-22T08:30:00.000Z"
    },
    {
      "id": "ankara-20",
      "name": "YUNUS EMRE ECZANESİ",
      "address": "Ulubey Mah. Şehit Gazeteci Hasan Tahsin Cad. No:19/C Altındağ/ANKARA , Ulubey Aile Sağlığı Merkezi Yanı 03123513442",
      "phone": "03123513442",
      "district": "Altındağ",
      "city": "Ankara",
      "latitude": 39.96637784035,
      "longitude": 32.911309003939,
      "dutyStart": "2026-02-21T08:30:00.000Z",
      "dutyEnd": "2026-02-22T08:30:00.000Z"
    },
    {
      "id": "ankara-21",
      "name": "ASYA ECZANESİ",
      "address": "Meşrutiyet Cad. No: 46/Ç Kızılay /Çankaya/ ANKARA , 03124339904",
      "phone": "03124339904",
      "district": "Çankaya",
      "city": "Ankara",
      "latitude": 39.919018616403,
      "longitude": 32.861759662628,
      "dutyStart": "2026-02-21T08:30:00.000Z",
      "dutyEnd": "2026-02-22T08:30:00.000Z"
    },
    {
      "id": "ankara-22",
      "name": "KILIÇ ECZANESİ",
      "address": "Menderes Mah. Melih Gökçek Bulvarı No:49/ B Yenikent/ Sincan/ ANKARA , 18 Nolu Sağlık Ocağı Yanı 03125113611",
      "phone": "03125113611",
      "district": "Sincan",
      "city": "Ankara",
      "latitude": 40.01955204665,
      "longitude": 32.522463331366,
      "dutyStart": "2026-02-21T08:30:00.000Z",
      "dutyEnd": "2026-02-22T08:30:00.000Z"
    },
    {
      "id": "ankara-23",
      "name": "GÖKÇE ECZANESİ",
      "address": "Camiatik Mah. Hekim Şaban Şifai Cad. No:3 Ayaş / ANKARA , 03127121159",
      "phone": "03127121159",
      "district": "Ayaş",
      "city": "Ankara",
      "latitude": 40.012890779526,
      "longitude": 32.331390380859,
      "dutyStart": "2026-02-21T08:30:00.000Z",
      "dutyEnd": "2026-02-22T08:30:00.000Z"
    },
    {
      "id": "ankara-24",
      "name": "NAZLIOĞLU ECZANESİ",
      "address": "Akşemsettin Mah. Bosna Cad. No:37/C Sincan/ANKARA , Özel Koru Hastanesi Yanı 03122702030",
      "phone": "03122702030",
      "district": "Sincan",
      "city": "Ankara",
      "latitude": 39.965025174603,
      "longitude": 32.586664343253,
      "dutyStart": "2026-02-21T08:30:00.000Z",
      "dutyEnd": "2026-02-22T08:30:00.000Z"
    },
    {
      "id": "ankara-25",
      "name": "AYDIN ECZANESİ",
      "address": "Andiçen Mah. İdil Sokak No:42/A Sincan/ANKARA , Özel Sincan Lokman Hekim Hast.Yanı 03122688485",
      "phone": "03122688485",
      "district": "Sincan",
      "city": "Ankara",
      "latitude": 39.956212148815,
      "longitude": 32.582712626408,
      "dutyStart": "2026-02-21T08:30:00.000Z",
      "dutyEnd": "2026-02-22T08:30:00.000Z"
    },
    {
      "id": "ankara-26",
      "name": "KEREM ECZANESİ",
      "address": "Yunus Emre Mah. Abdurrahim Karakoç Cad.No:14/C Fatih/ Sincan/ ANKARA , Selimiye Camii altı 03122630441",
      "phone": "03122630441",
      "district": "Sincan",
      "city": "Ankara",
      "latitude": 39.975206513215,
      "longitude": 32.596234997154,
      "dutyStart": "2026-02-21T08:30:00.000Z",
      "dutyEnd": "2026-02-22T08:30:00.000Z"
    },
    {
      "id": "ankara-27",
      "name": "AKYURT MERKEZ ECZANESİ",
      "address": "Beyazıt Mah. Sevda Caddesi No:6/D Akyurt/ ANKARA , Akyurt 1 Nolu ASM Karşısı 03125122612",
      "phone": "03125122612",
      "district": "Akyurt",
      "city": "Ankara",
      "latitude": 40.13111297929,
      "longitude": 33.080611489713,
      "dutyStart": "2026-02-21T08:30:00.000Z",
      "dutyEnd": "2026-02-22T08:30:00.000Z"
    },
    {
      "id": "ankara-28",
      "name": "ÜLKÜ ECZANESİ",
      "address": "Ayvaşık Mah.Sağlık Sok. No:5/B Beypazarı/ANKARA , Hastane karşısı 03127631313",
      "phone": "03127631313",
      "district": "Beypazarı",
      "city": "Ankara",
      "latitude": 40.162255565118,
      "longitude": 31.930308938026,
      "dutyStart": "2026-02-21T08:30:00.000Z",
      "dutyEnd": "2026-02-22T08:30:00.000Z"
    },
    {
      "id": "ankara-29",
      "name": "YENİ ECZANESİ",
      "address": "Atakent Mh.804.Cad.No:3/C /O Elvankent/ Etimesgut/ ANKARA (TK1 Çarşısı Banka Blokları) , 03122603120",
      "phone": "03122603120",
      "district": "Etimesgut",
      "city": "Ankara",
      "latitude": 39.955339881717,
      "longitude": 32.608199715614,
      "dutyStart": "2026-02-21T08:30:00.000Z",
      "dutyEnd": "2026-02-22T08:30:00.000Z"
    },
    {
      "id": "ankara-30",
      "name": "ANTAKYA SEVİNÇ ECZANESİ",
      "address": "İstasyon Mah. İstasyon Caddesi No:21/C Etimesgut/ANKARA , Bülent Börek yanı 03122447007",
      "phone": "03122447007",
      "district": "Etimesgut",
      "city": "Ankara",
      "latitude": 39.948237455595,
      "longitude": 32.665350884199,
      "dutyStart": "2026-02-21T08:30:00.000Z",
      "dutyEnd": "2026-02-22T08:30:00.000Z"
    },
    {
      "id": "ankara-31",
      "name": "PAPATYA ECZANESİ",
      "address": "Bağlıca Mah. Mermeroğlu Cad. No:67/1C Bağlıca Etimesgut/ANKARA , A-101 Market yanı 03125122234",
      "phone": "03125122234",
      "district": "Etimesgut",
      "city": "Ankara",
      "latitude": 39.885698443426,
      "longitude": 32.62879364047,
      "dutyStart": "2026-02-21T08:30:00.000Z",
      "dutyEnd": "2026-02-22T08:30:00.000Z"
    },
    {
      "id": "ankara-32",
      "name": "BEYZA ECZANESİ",
      "address": "Şehit Osman Avcı Mah. 1071 Malazgirt Cad. No:45/5-B Eryaman/ Etimesgut/ ANKARA , TüvTürk ilerisi-Akın 688 Sitesi altı 03125035779",
      "phone": "03125035779",
      "district": "Etimesgut",
      "city": "Ankara",
      "latitude": 39.983172923361,
      "longitude": 32.655010968447,
      "dutyStart": "2026-02-21T08:30:00.000Z",
      "dutyEnd": "2026-02-22T08:30:00.000Z"
    },
    {
      "id": "ankara-33",
      "name": "GÖLBAŞI TOKİ ECZANESİ",
      "address": "Eymir Mah. Gediz Sok. Ticaret Merkezi No:1/9 Gölbaşı/ANKARA , Toki Ticaret Merkezi 03124844115",
      "phone": "03124844115",
      "district": "Gölbaşı",
      "city": "Ankara",
      "latitude": 39.792058779687,
      "longitude": 32.840849161148,
      "dutyStart": "2026-02-21T08:30:00.000Z",
      "dutyEnd": "2026-02-22T08:30:00.000Z"
    },
    {
      "id": "ankara-34",
      "name": "HAYAT ECZANESİ",
      "address": "Ankara Cad. No:12/A Haymana / ANKARA , 03126581220",
      "phone": "03126581220",
      "district": "Haymana",
      "city": "Ankara",
      "latitude": 39.429828885208,
      "longitude": 32.492065429688,
      "dutyStart": "2026-02-21T08:30:00.000Z",
      "dutyEnd": "2026-02-22T08:30:00.000Z"
    },
    {
      "id": "ankara-35",
      "name": "ALPER YILMAZ ECZANESİ",
      "address": "Kayı Mah. Ahi Evran Cad. No:23/E Kahramankazan/ ANKARA , Şehit Tunahan Doktur ASM yanı 03128000046",
      "phone": "03128000046",
      "district": "Kahramankazan",
      "city": "Ankara",
      "latitude": 40.195546183387,
      "longitude": 32.694197525488,
      "dutyStart": "2026-02-21T08:30:00.000Z",
      "dutyEnd": "2026-02-22T08:30:00.000Z"
    },
    {
      "id": "ankara-36",
      "name": "ERDOĞAN ECZANESİ",
      "address": "Akçay Mah. Hacı Hasan Cad. No:24/C-D Kızılcahamam/ ANKARA , Kızılcahamam Sağlık Ocağı karşısı 03127363949",
      "phone": "03127363949",
      "district": "Kızılcahamam",
      "city": "Ankara",
      "latitude": 40.473636307818,
      "longitude": 32.64602959156,
      "dutyStart": "2026-02-21T08:30:00.000Z",
      "dutyEnd": "2026-02-22T08:30:00.000Z"
    },
    {
      "id": "ankara-37",
      "name": "MÜFTÜOĞLU ECZANESİ",
      "address": "Lalahan Mah.Lalapaşa Cad.3/B Lalahan/ / ANKARA ((312865 18 85) , “ÖZEL NÖBET BÖLGESİ LÜTFEN ECZANEYİ TELEFON İLE ARAYİNİZ.\" 05408651885",
      "phone": "05408651885",
      "district": "Ankara",
      "city": "Ankara",
      "latitude": 39.970676179525,
      "longitude": 33.114105784334,
      "dutyStart": "2026-02-21T08:30:00.000Z",
      "dutyEnd": "2026-02-22T08:30:00.000Z"
    },
    {
      "id": "ankara-38",
      "name": "UĞUR ECZANESİ",
      "address": "Yazı Mah. Ankara Cad. No:2 Nallıhan / ANKARA , 03127853536",
      "phone": "03127853536",
      "district": "Nallıhan",
      "city": "Ankara",
      "latitude": 0,
      "longitude": 0,
      "dutyStart": "2026-02-21T08:30:00.000Z",
      "dutyEnd": "2026-02-22T08:30:00.000Z"
    },
    {
      "id": "ankara-39",
      "name": "GÜNER ECZANESİ",
      "address": "İstiklal Mah. Muhsin Yazıcıoğlu Cad. 110.Sok. No:10 Polatlı/ANKARA , Polatlı Devlet Hastanesi yanı 05308270307",
      "phone": "05308270307",
      "district": "Polatlı",
      "city": "Ankara",
      "latitude": 39.587860187512,
      "longitude": 32.167732715607,
      "dutyStart": "2026-02-21T08:30:00.000Z",
      "dutyEnd": "2026-02-22T08:30:00.000Z"
    },
    {
      "id": "ankara-40",
      "name": "BEYZA UZUN ECZANESİ",
      "address": "Mimar Sinan Mah. Çağatay Cad. No:41/I ( B Blok) Pursaklar , Pursaklar Devlet Hastanesi yanı 03123289847",
      "phone": "03123289847",
      "district": "Ankara",
      "city": "Ankara",
      "latitude": 40.047643307417,
      "longitude": 32.893202122686,
      "dutyStart": "2026-02-21T08:30:00.000Z",
      "dutyEnd": "2026-02-22T08:30:00.000Z"
    },
    {
      "id": "ankara-41",
      "name": "ALTAN ECZANESİ",
      "address": "Yenişehir Mah.İbn-i Sina Cad. No:1/5 Yahşihan/KIRIKKALE , Tıp Fakültesi Acil Yanı-Diş Fakültesi Karşısı 03183100123",
      "phone": "03183100123",
      "district": "Ankara",
      "city": "Ankara",
      "latitude": 39.870566455686,
      "longitude": 33.453404009342,
      "dutyStart": "2026-02-21T08:30:00.000Z",
      "dutyEnd": "2026-02-22T08:30:00.000Z"
    },
    {
      "id": "ankara-42",
      "name": "ERDEM ECZANESİ",
      "address": "Şeyh Kuyusu Mah. Taşkın Sok. No:1 Şereflikoçhisar /ANKARA , 03126878368",
      "phone": "03126878368",
      "district": "Şereflikoçhisar",
      "city": "Ankara",
      "latitude": 0,
      "longitude": 0,
      "dutyStart": "2026-02-21T08:30:00.000Z",
      "dutyEnd": "2026-02-22T08:30:00.000Z"
    },
    {
      "id": "ankara-43",
      "name": "HALK ECZANESİ",
      "address": "Kale Mah. Hüseyin Andaç Sok. No:22/A Şereflikoçhisar / ANKARA , 03126862848",
      "phone": "03126862848",
      "district": "Şereflikoçhisar",
      "city": "Ankara",
      "latitude": 0,
      "longitude": 0,
      "dutyStart": "2026-02-21T08:30:00.000Z",
      "dutyEnd": "2026-02-22T08:30:00.000Z"
    },
    {
      "id": "ankara-44",
      "name": "KARAKEÇİLİ ECZANESİ",
      "address": "Fatih Sultan Mehmet Mah.Hürriyet Cad.No:4/A Karakeçili/ KIRIKKALE , 03184743643",
      "phone": "03184743643",
      "district": "Ankara",
      "city": "Ankara",
      "latitude": 39.993750206346,
      "longitude": 33.533243363199,
      "dutyStart": "2026-02-21T08:30:00.000Z",
      "dutyEnd": "2026-02-22T08:30:00.000Z"
    },
    {
      "id": "ankara-45",
      "name": "SAĞLIK ECZANESİ",
      "address": "Halit Cevri Aslangil Mah. Çağlar Cad. No:20.Sok. No:12/B Kalecik/ ANKARA , Kalecik Devlet Hastanesi Karşısı 03128571110",
      "phone": "03128571110",
      "district": "Kalecik",
      "city": "Ankara",
      "latitude": 40.111110189041,
      "longitude": 33.409390577835,
      "dutyStart": "2026-02-21T08:30:00.000Z",
      "dutyEnd": "2026-02-22T08:30:00.000Z"
    },
    {
      "id": "ankara-46",
      "name": "ÖZER ECZANESİ",
      "address": "Bağlarbaşı Mah. 937. Sok. No:19/A Merkez/ KIRIKKALE , Bağlarbaşı Aile Sağlığı Merkezi yanı 03182339010",
      "phone": "03182339010",
      "district": "Ankara",
      "city": "Ankara",
      "latitude": 39.854815474959,
      "longitude": 33.498663704941,
      "dutyStart": "2026-02-21T08:30:00.000Z",
      "dutyEnd": "2026-02-22T08:30:00.000Z"
    },
    {
      "id": "ankara-47",
      "name": "KUTAY SAĞLIK ECZANESİ",
      "address": "Yenidoğan Mah. Cumhuriyet Cad. No:2/B Merkez/KIRIKKALE , Kurukahveciler karşısı Akbank yanı 03182251858",
      "phone": "03182251858",
      "district": "Ankara",
      "city": "Ankara",
      "latitude": 39.841140968504,
      "longitude": 33.506230115891,
      "dutyStart": "2026-02-21T08:30:00.000Z",
      "dutyEnd": "2026-02-22T08:30:00.000Z"
    },
    {
      "id": "ankara-48",
      "name": "GALLERİA ECZANESİ",
      "address": "Galleria AVM Mutlukent Mah. 2432.Cad. A Blok No:26 Çankaya/ ANKARA , Galleria AVM Arka Cephesi-Ümitköy Noter Çaprazı 03122357001",
      "phone": "03122357001",
      "district": "Çankaya",
      "city": "Ankara",
      "latitude": 39.895225878772,
      "longitude": 32.704518394021,
      "dutyStart": "2026-02-21T08:30:00.000Z",
      "dutyEnd": "2026-02-22T08:30:00.000Z"
    },
    {
      "id": "ankara-49",
      "name": "YAŞAMKENT ASYA ECZANESİ",
      "address": "Yaşamkent Mah. 3256. SOk.No:6/24 Çankaya/ANKARA , Anka Cadde Çarşı-File Market Yanı 03125440545",
      "phone": "03125440545",
      "district": "Çankaya",
      "city": "Ankara",
      "latitude": 39.86019865912,
      "longitude": 32.636968817096,
      "dutyStart": "2026-02-21T08:30:00.000Z",
      "dutyEnd": "2026-02-22T08:30:00.000Z"
    },
    {
      "id": "ankara-50",
      "name": "AKTAN ECZANESİ",
      "address": "Barbaros Mah. Karagöl Cad. No:1/B Çubuk/ANKARA , 03128370054",
      "phone": "03128370054",
      "district": "Çubuk",
      "city": "Ankara",
      "latitude": 40.239439922371,
      "longitude": 33.02621121984,
      "dutyStart": "2026-02-21T08:30:00.000Z",
      "dutyEnd": "2026-02-22T08:30:00.000Z"
    },
    {
      "id": "ankara-51",
      "name": "DELİCE ECZANESİ",
      "address": "Cumhuriyet Mah. Atatürk Bulvarı No:6/C Delice/ KIRIKKALE , 03186185609",
      "phone": "03186185609",
      "district": "Ankara",
      "city": "Ankara",
      "latitude": 0,
      "longitude": 0,
      "dutyStart": "2026-02-21T08:30:00.000Z",
      "dutyEnd": "2026-02-22T08:30:00.000Z"
    },
    {
      "id": "ankara-52",
      "name": "ARINMIŞ ECZANESİ",
      "address": "Yukarı Mah. Leblebici Sok.No:19 Güdül/ ANKARA , 05301178589",
      "phone": "05301178589",
      "district": "Güdül",
      "city": "Ankara",
      "latitude": 40.210531690119,
      "longitude": 32.242609262466,
      "dutyStart": "2026-02-21T08:30:00.000Z",
      "dutyEnd": "2026-02-22T08:30:00.000Z"
    },
    {
      "id": "ankara-53",
      "name": "ŞENBABA ECZANESİ",
      "address": "Kartaltepe Mah. Alparslan Türkeş Bulvarı No:22/A Bala/ ANKARA , 03128761555",
      "phone": "03128761555",
      "district": "Bala",
      "city": "Ankara",
      "latitude": 39.551987767008,
      "longitude": 33.12433719635,
      "dutyStart": "2026-02-21T08:30:00.000Z",
      "dutyEnd": "2026-02-22T08:30:00.000Z"
    },
    {
      "id": "ankara-54",
      "name": "YILMAZ ECZANESİ",
      "address": "Menderes Bulvarı Sağlık 1. Sok. No:2 Hasanoğlan /Elmadağ/ ANKARA (2.Tel:3128661233) , 03128663771",
      "phone": "03128663771",
      "district": "Elmadağ",
      "city": "Ankara",
      "latitude": 39.998689957679,
      "longitude": 33.180084228516,
      "dutyStart": "2026-02-21T08:30:00.000Z",
      "dutyEnd": "2026-02-22T08:30:00.000Z"
    },
    {
      "id": "ankara-55",
      "name": "MERT ECZANESİ",
      "address": "Bozkurt Mh.Hastane Sok. No:6 Keskin/KIRIKKALE , 03185154760",
      "phone": "03185154760",
      "district": "Ankara",
      "city": "Ankara",
      "latitude": 39.6732795543,
      "longitude": 33.611265420914,
      "dutyStart": "2026-02-21T08:30:00.000Z",
      "dutyEnd": "2026-02-22T08:30:00.000Z"
    },
    {
      "id": "ankara-56",
      "name": "VERESELİ TEMELLİ ECZANESİ",
      "address": "TEMELLİ-İstiklal Mah. Hürriyet Cad. No:30/B Temelli/Sincan/ANKARA , 03126451163",
      "phone": "03126451163",
      "district": "Sincan",
      "city": "Ankara",
      "latitude": 39.726069000019,
      "longitude": 32.353835105896,
      "dutyStart": "2026-02-21T08:30:00.000Z",
      "dutyEnd": "2026-02-22T08:30:00.000Z"
    },
    {
      "id": "ankara-57",
      "name": "BALIŞEYH ECZANESİ",
      "address": "Yeni Mah. 43.Sok. No:14/B Balışeyh/KIRIKKALE , Balışeyh Toplum Sağlığı Merkezi Karşısı 03182333318",
      "phone": "03182333318",
      "district": "Ankara",
      "city": "Ankara",
      "latitude": 39.916098977986,
      "longitude": 33.715695217252,
      "dutyStart": "2026-02-21T08:30:00.000Z",
      "dutyEnd": "2026-02-22T08:30:00.000Z"
    },
    {
      "id": "ankara-58",
      "name": "ELMADAĞ ECZANESİ",
      "address": "İsmetpaşa Mah.Cumhuriyet Cad.No:61/A Elmadağ/ANKARA , 03128633193",
      "phone": "03128633193",
      "district": "Elmadağ",
      "city": "Ankara",
      "latitude": 39.918245132631,
      "longitude": 33.232269287109,
      "dutyStart": "2026-02-21T08:30:00.000Z",
      "dutyEnd": "2026-02-22T08:30:00.000Z"
    },
    {
      "id": "ankara-59",
      "name": "AÇELYA ECZANESİ",
      "address": "Batıkent Adisan-(Macun Mah.) 223. Cad. No:3 Yenimahalle/ ANKARA , Macunköy Sağ.Ocağı-Feyz Gıda Yanı 03123541640",
      "phone": "03123541640",
      "district": "Yenimahalle",
      "city": "Ankara",
      "latitude": 39.958727114764,
      "longitude": 32.75543515394,
      "dutyStart": "2026-02-21T08:30:00.000Z",
      "dutyEnd": "2026-02-22T08:30:00.000Z"
    },
    {
      "id": "ankara-60",
      "name": "BURCU ECZANESİ",
      "address": "Yeni Batı Mah. 2382.Sok. No:4/1 Batıkent/ Yenimahalle/ ANKARA , 3 Nolu ASM Karşısı 03122565657",
      "phone": "03122565657",
      "district": "Yenimahalle",
      "city": "Ankara",
      "latitude": 39.976589808438,
      "longitude": 32.690243124962,
      "dutyStart": "2026-02-21T08:30:00.000Z",
      "dutyEnd": "2026-02-22T08:30:00.000Z"
    },
    {
      "id": "ankara-61",
      "name": "Nöbetçi Eczane Bulunamadı",
      "address": "Aradığınız kriterlere uygun nöbetçi eczane bulunamadı. Lütfen farklı bir arama deneyin.",
      "phone": "",
      "district": "Ankara",
      "city": "Ankara",
      "latitude": 0,
      "longitude": 0,
      "dutyStart": "2026-02-21T08:30:00.000Z",
      "dutyEnd": "2026-02-22T08:30:00.000Z"
    }
  ]
}