{
  "city": "gaziantep",
  "cityName": "Gaziantep",
  "cityId": 27,
  "date": "2026-02-22",
  "updatedAt": "2026-02-22T20:30:43.533Z",
  "count": 21,
  "pharmacies": [
    {
      "id": "gaziantep-0",
      "name": "BAHAR ECZANESI",
      "address": "INÖNÜ CAD. NO:158/A (TAM-MED HASTANESİ YANI)",
      "phone": "03422522389",
      "district": "Şahi̇nbey",
      "city": "Gaziantep",
      "latitude": 37.057095,
      "longitude": 37.37756,
      "dutyStart": "2026-02-22T08:30:00.000Z",
      "dutyEnd": "2026-02-23T08:30:00.000Z"
    },
    {
      "id": "gaziantep-1",
      "name": "BAŞAK ECZANESİ",
      "address": "ÇAGDAS MAH. 20 NOLU CAD. NO:36/A 60.YIL SAĞLIK OCAĞI KARŞISI",
      "phone": "03423361941",
      "district": "Şahi̇nbey",
      "city": "Gaziantep",
      "latitude": 37.040845,
      "longitude": 37.339869,
      "dutyStart": "2026-02-22T08:30:00.000Z",
      "dutyEnd": "2026-02-23T08:30:00.000Z"
    },
    {
      "id": "gaziantep-2",
      "name": "FAHRİ KAYA ECZANESİ",
      "address": "FIRAT MAH. HASİP DÜRRİ CAD. NO:250A (KAFKAS TATLI YANI)",
      "phone": "0533230603303423606033",
      "district": "Şahi̇nbey",
      "city": "Gaziantep",
      "latitude": 37.045967,
      "longitude": 37.409882,
      "dutyStart": "2026-02-22T08:30:00.000Z",
      "dutyEnd": "2026-02-23T08:30:00.000Z"
    },
    {
      "id": "gaziantep-3",
      "name": "AKYOL ECZANESİ",
      "address": "BİNEVLER MAHALLESİ 81067 NOLU SOKAK NO:16/A (RASAF YOLU SHELL PETROL KARŞI SOKAĞI - BİNEVLER MERAY KURUYEMİŞ ARKA SOKAĞI)",
      "phone": "05400014546",
      "district": "Şahi̇nbey",
      "city": "Gaziantep",
      "latitude": 37.06675232813354,
      "longitude": 37.38321304321289,
      "dutyStart": "2026-02-22T08:30:00.000Z",
      "dutyEnd": "2026-02-23T08:30:00.000Z"
    },
    {
      "id": "gaziantep-4",
      "name": "AKKENT DEMET ECZANESİ",
      "address": "Akkent mahallesi, 134023 nolu sokak (Akkent camii civarı, Soma Evler karşısı, My Park Teras sitesi altı) No 2C/G Şahinbey",
      "phone": "03429991197",
      "district": "Şahi̇nbey",
      "city": "Gaziantep",
      "latitude": 37.016336,
      "longitude": 37.370777,
      "dutyStart": "2026-02-22T08:30:00.000Z",
      "dutyEnd": "2026-02-23T08:30:00.000Z"
    },
    {
      "id": "gaziantep-5",
      "name": "ARMİN ECZANESİ",
      "address": "Güneykent mahallesi 102208 nolu sokak no:1 101/102 ÖZEL DEFA LİFE HASTANESİ ACİL ÇIKIŞI KARŞISI / ŞAHİNBEY",
      "phone": "5322098188",
      "district": "Şahi̇nbey",
      "city": "Gaziantep",
      "latitude": 37.06675232813354,
      "longitude": 37.38321304321289,
      "dutyStart": "2026-02-22T08:30:00.000Z",
      "dutyEnd": "2026-02-23T08:30:00.000Z"
    },
    {
      "id": "gaziantep-6",
      "name": "FERMAN ECZANESİ",
      "address": "ÜNİVERSİTE HASTANESİ ÜST GEÇİŞ KARŞISI",
      "phone": "03423234447",
      "district": "Şahi̇nbey",
      "city": "Gaziantep",
      "latitude": 37.040321,
      "longitude": 37.321953,
      "dutyStart": "2026-02-22T08:30:00.000Z",
      "dutyEnd": "2026-02-23T08:30:00.000Z"
    },
    {
      "id": "gaziantep-7",
      "name": "YAVUZ ECZANESİ",
      "address": "Karataş Mahallesi 103418 Nolu Cadde No: 20/A-107,108,109 (Barbaros Ersaatçi Cami Arkası-Bağlarbaşı Sağlık Ocağı Karşısı)",
      "phone": "03423432030",
      "district": "Şahi̇nbey",
      "city": "Gaziantep",
      "latitude": 37.06675232813354,
      "longitude": 37.38321304321289,
      "dutyStart": "2026-02-22T08:30:00.000Z",
      "dutyEnd": "2026-02-23T08:30:00.000Z"
    },
    {
      "id": "gaziantep-8",
      "name": "MÜGE ECZANESİ",
      "address": "Medical Park Hastanesi Acil Karşısı",
      "phone": "03423243616",
      "district": "Şehi̇tkami̇l",
      "city": "Gaziantep",
      "latitude": 37.07547,
      "longitude": 37.370331,
      "dutyStart": "2026-02-22T08:30:00.000Z",
      "dutyEnd": "2026-02-23T08:30:00.000Z"
    },
    {
      "id": "gaziantep-9",
      "name": "AYDINGÜLER ECZANESİ",
      "address": "Değirmiçem Mah.Ali Fuat Cebesoy Bulvarı No:5D ( Eski Şehitkamil Belediyesi’nin Karşısı)",
      "phone": "05352552756",
      "district": "Şehi̇tkami̇l",
      "city": "Gaziantep",
      "latitude": 37.071846,
      "longitude": 37.378349,
      "dutyStart": "2026-02-22T08:30:00.000Z",
      "dutyEnd": "2026-02-23T08:30:00.000Z"
    },
    {
      "id": "gaziantep-10",
      "name": "AÇELYA ECZANESİ",
      "address": "Fatih Mahallesi Ali Nadi Ünler Bulvarı No:104/A (Celal Doğan Parkı ilerisi Celal Doğan Parkından Kolej Vakfı İstikametine Giderken İlk Işıklarda Sağda)",
      "phone": "03429099252",
      "district": "Şehi̇tkami̇l",
      "city": "Gaziantep",
      "latitude": 37.079861,
      "longitude": 37.349762,
      "dutyStart": "2026-02-22T08:30:00.000Z",
      "dutyEnd": "2026-02-23T08:30:00.000Z"
    },
    {
      "id": "gaziantep-11",
      "name": "EBRU KASAPBASI ECZANESI",
      "address": "Fevzi Çakmak Bul. N:36/A (25 Aralık Devlet Hastanesi Kar.)",
      "phone": "03423384330",
      "district": "Şehi̇tkami̇l",
      "city": "Gaziantep",
      "latitude": 37.065262,
      "longitude": 37.362041,
      "dutyStart": "2026-02-22T08:30:00.000Z",
      "dutyEnd": "2026-02-23T08:30:00.000Z"
    },
    {
      "id": "gaziantep-12",
      "name": "SEYRANTEPE KORKMAZ ECZANESİ",
      "address": "Seyrantepe Mahallesi 65004 Nolu Cadde No:7/D ( SEYRANTEPE BÜYÜK PARK CİVARI, VİCDAN-AHMET GÜNER ORTAOKUL ARKASI)",
      "phone": "03423434055",
      "district": "Şehi̇tkami̇l",
      "city": "Gaziantep",
      "latitude": 37.075512,
      "longitude": 37.419514,
      "dutyStart": "2026-02-22T08:30:00.000Z",
      "dutyEnd": "2026-02-23T08:30:00.000Z"
    },
    {
      "id": "gaziantep-13",
      "name": "İBRAHİM TELLİ ECZANESİ",
      "address": "Pir Sultan Mahallesi Çetin Emeç Caddesi No:80A-B(Şehitkamil Devlet Hastanesi Karşısı)",
      "phone": "03423230363",
      "district": "Şehi̇tkami̇l",
      "city": "Gaziantep",
      "latitude": 37.086128,
      "longitude": 37.362324,
      "dutyStart": "2026-02-22T08:30:00.000Z",
      "dutyEnd": "2026-02-23T08:30:00.000Z"
    },
    {
      "id": "gaziantep-14",
      "name": "ALİ DOĞAN ECZANESİ",
      "address": "Gazikent Belkız Mahallesi 08100 Nolu Cadde No:8 AA (Trafik Eğitim Parkı çaprazı)",
      "phone": "05512188276",
      "district": "Şehi̇tkami̇l",
      "city": "Gaziantep",
      "latitude": 37.06675232813354,
      "longitude": 37.38321304321289,
      "dutyStart": "2026-02-22T08:30:00.000Z",
      "dutyEnd": "2026-02-23T08:30:00.000Z"
    },
    {
      "id": "gaziantep-15",
      "name": "ORAL ECZANESI",
      "address": "FATIH SULTAN MAH. HASTANE CAD.NO:23 (DEVLET HASTANESİ KARŞISI)",
      "phone": "03425171680",
      "district": "Ni̇zi̇p",
      "city": "Gaziantep",
      "latitude": 37.008854,
      "longitude": 37.800744,
      "dutyStart": "2026-02-22T08:30:00.000Z",
      "dutyEnd": "2026-02-23T08:30:00.000Z"
    },
    {
      "id": "gaziantep-16",
      "name": "ÖZKAN ECZANESİ",
      "address": "TURGUT ÖZAL MAHALLESİ,CEZAEVİ CADDESİ NO43/B",
      "phone": "05526246527",
      "district": "Araban",
      "city": "Gaziantep",
      "latitude": 37.06675232813354,
      "longitude": 37.38321304321289,
      "dutyStart": "2026-02-22T08:30:00.000Z",
      "dutyEnd": "2026-02-23T08:30:00.000Z"
    },
    {
      "id": "gaziantep-17",
      "name": "HİLAL ECZANESİ",
      "address": "Subaşı Mah.Alparslan Türkeş Bulv.No:2/16 Eski Karakol Karşısı Oğuzeli",
      "phone": "05314219590",
      "district": "Oğuzeli̇",
      "city": "Gaziantep",
      "latitude": 36.965409,
      "longitude": 37.508171,
      "dutyStart": "2026-02-22T08:30:00.000Z",
      "dutyEnd": "2026-02-23T08:30:00.000Z"
    },
    {
      "id": "gaziantep-18",
      "name": "HİLAL ECZANESİ",
      "address": "Çamlıca mah emniyet sok no 6f İslahiye Gaziantep",
      "phone": "03428690772",
      "district": "İslahi̇ye",
      "city": "Gaziantep",
      "latitude": 37.06675232813354,
      "longitude": 37.38321304321289,
      "dutyStart": "2026-02-22T08:30:00.000Z",
      "dutyEnd": "2026-02-23T08:30:00.000Z"
    },
    {
      "id": "gaziantep-19",
      "name": "ÜNSALAN ÖMÜR(NURDAĞI)",
      "address": "ATATÜRK MAH.3030 NOLU SOKAK NO:3/ZI",
      "phone": "03426712750",
      "district": "Nurdaği",
      "city": "Gaziantep",
      "latitude": 37.176004,
      "longitude": 36.740587,
      "dutyStart": "2026-02-22T08:30:00.000Z",
      "dutyEnd": "2026-02-23T08:30:00.000Z"
    },
    {
      "id": "gaziantep-20",
      "name": "ANKA ECZANESİ",
      "address": "Sultan Selim Mahallesi Araban Caddesi No:42B/BA YAVUZELİ",
      "phone": "05459703250",
      "district": "Yavuzeli̇",
      "city": "Gaziantep",
      "latitude": 37.06675232813354,
      "longitude": 37.38321304321289,
      "dutyStart": "2026-02-22T08:30:00.000Z",
      "dutyEnd": "2026-02-23T08:30:00.000Z"
    }
  ]
}