{
  "city": "ankara",
  "cityName": "Ankara",
  "cityId": 6,
  "date": "2026-02-26",
  "updatedAt": "2026-02-26T08:30:58.680Z",
  "count": 61,
  "pharmacies": [
    {
      "id": "ankara-0",
      "name": "HALİDE ECZANESİ",
      "address": "Yukarı Öveçler Mah. 1283. Sok. No:9/A Çankaya/ANKARA , (Eski 1256.Cad.)-Ehlibeyt ASM Kar. 03124730507",
      "phone": "03124730507",
      "district": "Çankaya",
      "city": "Ankara",
      "latitude": 39.884946194,
      "longitude": 32.820113003254,
      "dutyStart": "2026-02-26T08:30:00.000Z",
      "dutyEnd": "2026-02-27T08:30:00.000Z"
    },
    {
      "id": "ankara-1",
      "name": "MELİTA ECZANESİ",
      "address": "Mustafa Kemal Mah. Dumlupınar Bulvarı (Eskişehir Yolu) D1 Blok No:274/8C Mahall/Çankaya/ANKARA , Mahall İşMerkezi 03123109685",
      "phone": "03123109685",
      "district": "Çankaya",
      "city": "Ankara",
      "latitude": 39.907787844396,
      "longitude": 32.753073871136,
      "dutyStart": "2026-02-26T08:30:00.000Z",
      "dutyEnd": "2026-02-27T08:30:00.000Z"
    },
    {
      "id": "ankara-2",
      "name": "UÇAK ECZANESİ",
      "address": "Bahçelievler Mah. Aşkaabat Cad.(7.Cad) No:10/8 Çankaya/ANKARA , 03122131230",
      "phone": "03122131230",
      "district": "Çankaya",
      "city": "Ankara",
      "latitude": 39.924070731661,
      "longitude": 32.825689315796,
      "dutyStart": "2026-02-26T08:30:00.000Z",
      "dutyEnd": "2026-02-27T08:30:00.000Z"
    },
    {
      "id": "ankara-3",
      "name": "URANKENT ŞEYMA ECZANESİ",
      "address": "Mehmet Akif Ersoy Mah.266.Cadde No:21/D/C Urankent Blokları Urankent/ Demetevler/ Yenimahalle /ANKARA , Onkoloji Hastanesi Ek Bina arkası 03123361903",
      "phone": "03123361903",
      "district": "Yenimahalle",
      "city": "Ankara",
      "latitude": 39.963865725517,
      "longitude": 32.775542736053,
      "dutyStart": "2026-02-26T08:30:00.000Z",
      "dutyEnd": "2026-02-27T08:30:00.000Z"
    },
    {
      "id": "ankara-4",
      "name": "DEMETKENT ERSAN ECZANESİ",
      "address": "Anadolu Mah.Suadiye Cad. No:124/A Demetevler / Yenimahalle/ ANKARA , 03123437896",
      "phone": "03123437896",
      "district": "Yenimahalle",
      "city": "Ankara",
      "latitude": 39.970591900962,
      "longitude": 32.799232006073,
      "dutyStart": "2026-02-26T08:30:00.000Z",
      "dutyEnd": "2026-02-27T08:30:00.000Z"
    },
    {
      "id": "ankara-5",
      "name": "ÇİÇEK ECZANESİ",
      "address": "Kutlu Mah. Mutlu Caddesi No:32/B Mamak/ ANKARA , ARKADAŞ EKMEK FIRINININ AŞAĞISINDA 05527940404",
      "phone": "05527940404",
      "district": "Mamak",
      "city": "Ankara",
      "latitude": 39.914258261222,
      "longitude": 32.904222018369,
      "dutyStart": "2026-02-26T08:30:00.000Z",
      "dutyEnd": "2026-02-27T08:30:00.000Z"
    },
    {
      "id": "ankara-6",
      "name": "AYŞENUR GÜZEL ECZANESİ",
      "address": "Bahçeleriçi Mah.Mamak Cad. No:219/B Mamak/ANKARA , Yeni Mamak Belediyesi yanı 03123687125",
      "phone": "03123687125",
      "district": "Mamak",
      "city": "Ankara",
      "latitude": 39.930845041338,
      "longitude": 32.913707345724,
      "dutyStart": "2026-02-26T08:30:00.000Z",
      "dutyEnd": "2026-02-27T08:30:00.000Z"
    },
    {
      "id": "ankara-7",
      "name": "YEŞİLBAYIR ECZANESİ",
      "address": "Yeşilbayır Mah. Sağduyu Cad. 1774/1 Sok. No:3/A Kayaş/ Mamak /ANKARA , Özel Yeşilbayır Polikliniği karşısı 03123729209",
      "phone": "03123729209",
      "district": "Mamak",
      "city": "Ankara",
      "latitude": 39.909349441325,
      "longitude": 32.957949435549,
      "dutyStart": "2026-02-26T08:30:00.000Z",
      "dutyEnd": "2026-02-27T08:30:00.000Z"
    },
    {
      "id": "ankara-8",
      "name": "KUMRU ECZANESİ",
      "address": "Yıldızevler Mah. 714. Sok. No:6/B1-27 Çankaya/ ANKARA , 713.Sokak Taksi Durağı yanı 05301398292",
      "phone": "05301398292",
      "district": "Çankaya",
      "city": "Ankara",
      "latitude": 39.875805343898,
      "longitude": 32.861973251856,
      "dutyStart": "2026-02-26T08:30:00.000Z",
      "dutyEnd": "2026-02-27T08:30:00.000Z"
    },
    {
      "id": "ankara-9",
      "name": "BEŞPARMAK ECZANESİ",
      "address": "Vedat Dolakay Cad. No:42/6 Aşıkpaşa Mah/ Çankaya/ ANKARA , Aşıkpaşa ASM yanı 03124471070",
      "phone": "03124471070",
      "district": "Çankaya",
      "city": "Ankara",
      "latitude": 39.906307483478,
      "longitude": 32.88114130497,
      "dutyStart": "2026-02-26T08:30:00.000Z",
      "dutyEnd": "2026-02-27T08:30:00.000Z"
    },
    {
      "id": "ankara-10",
      "name": "YENİ MERKEZ ECZANESİ",
      "address": "Gençlik Cad. No:133/A Anıttepe /Çankaya/ ANKARA , 03122294172",
      "phone": "03122294172",
      "district": "Çankaya",
      "city": "Ankara",
      "latitude": 39.921174450592,
      "longitude": 32.844561338425,
      "dutyStart": "2026-02-26T08:30:00.000Z",
      "dutyEnd": "2026-02-27T08:30:00.000Z"
    },
    {
      "id": "ankara-11",
      "name": "NEVBAHAR ECZANESİ",
      "address": "Sağlık Mah.Atatürk Bulvarı No:47/1-2 Çankaya/ ANKARA , Sıhhıye Koprüsü altı-Yenişehir GAR Girişi- 05335628352",
      "phone": "05335628352",
      "district": "Çankaya",
      "city": "Ankara",
      "latitude": 39.928980553252,
      "longitude": 32.854869067669,
      "dutyStart": "2026-02-26T08:30:00.000Z",
      "dutyEnd": "2026-02-27T08:30:00.000Z"
    },
    {
      "id": "ankara-12",
      "name": "İNCİRLİ ZEHRA ECZANESİ",
      "address": "İncirli Mah. Yunus Emre Cad. No:61/D Keçiören/ANKARA , İncirli Taşfırın ve Akyurt Market Karşısı 03123229299",
      "phone": "03123229299",
      "district": "Keçiören",
      "city": "Ankara",
      "latitude": 39.979663583394,
      "longitude": 32.846395634033,
      "dutyStart": "2026-02-26T08:30:00.000Z",
      "dutyEnd": "2026-02-27T08:30:00.000Z"
    },
    {
      "id": "ankara-13",
      "name": "ANTARES GÜLŞAH ECZANESİ",
      "address": "Ayvalı Mah. Halil Sezai Erkut Cad. Afra Sok. Antares Avm No:1/191 Keçiören , 03123226322",
      "phone": "03123226322",
      "district": "Ankara",
      "city": "Ankara",
      "latitude": 39.969399656507,
      "longitude": 32.820700407028,
      "dutyStart": "2026-02-26T08:30:00.000Z",
      "dutyEnd": "2026-02-27T08:30:00.000Z"
    },
    {
      "id": "ankara-14",
      "name": "SEDEF ECZANESİ",
      "address": "Ulubey Mah.Şehit Gazeteci Hasan Tahsin Cad. No:23/A Siteler /Altındağ/ ANKARA , 03123509666",
      "phone": "03123509666",
      "district": "Altındağ",
      "city": "Ankara",
      "latitude": 39.966632747008,
      "longitude": 32.912045717239,
      "dutyStart": "2026-02-26T08:30:00.000Z",
      "dutyEnd": "2026-02-27T08:30:00.000Z"
    },
    {
      "id": "ankara-15",
      "name": "YENİ POYRAZ ECZANESİ",
      "address": "Bademlik Mah.Anavatan Cad. No:145/A Keçiören/ANKARA , Hacı Kadın Pazaryeri kar.Dutluk 700 metre 03123813003",
      "phone": "03123813003",
      "district": "Keçiören",
      "city": "Ankara",
      "latitude": 40.008429713994,
      "longitude": 32.876360118917,
      "dutyStart": "2026-02-26T08:30:00.000Z",
      "dutyEnd": "2026-02-27T08:30:00.000Z"
    },
    {
      "id": "ankara-16",
      "name": "TAKSIR ECZANESİ",
      "address": "Bağlarbaşı Mah. Kızlarpınarı Cad. No:88/B Keçiören / ANKARA , LC Waikiki mağazası yanı 03123147979",
      "phone": "03123147979",
      "district": "Keçiören",
      "city": "Ankara",
      "latitude": 39.987741474799,
      "longitude": 32.875589132309,
      "dutyStart": "2026-02-26T08:30:00.000Z",
      "dutyEnd": "2026-02-27T08:30:00.000Z"
    },
    {
      "id": "ankara-17",
      "name": "OVACIK NATURA ECZANESİ",
      "address": "Ovacık Mah.695 Cad.No:D.11/23 Keçiören/ ANKARA , Forum AVM Kar.Otobüs son durakları 03125126001",
      "phone": "03125126001",
      "district": "Keçiören",
      "city": "Ankara",
      "latitude": 40.015144313109,
      "longitude": 32.82208442688,
      "dutyStart": "2026-02-26T08:30:00.000Z",
      "dutyEnd": "2026-02-27T08:30:00.000Z"
    },
    {
      "id": "ankara-18",
      "name": "AKTUĞ ECZANESİ",
      "address": "Ayrancı Mah. Hoşdere Cad. No:118/B Çankaya/ANKARA , Hacı Ömer Tarman Anadolu Lisesi Karşısı 03124406274",
      "phone": "03124406274",
      "district": "Çankaya",
      "city": "Ankara",
      "latitude": 39.891794343606,
      "longitude": 32.84687203145,
      "dutyStart": "2026-02-26T08:30:00.000Z",
      "dutyEnd": "2026-02-27T08:30:00.000Z"
    },
    {
      "id": "ankara-19",
      "name": "AYGÜN ECZANESİ",
      "address": "İlkadım Mah.Dikmen Cad.Mimar Sokak No:12/B Çankaya/ ANKARA , 03124818990",
      "phone": "03124818990",
      "district": "Çankaya",
      "city": "Ankara",
      "latitude": 39.881578979134,
      "longitude": 32.839695811272,
      "dutyStart": "2026-02-26T08:30:00.000Z",
      "dutyEnd": "2026-02-27T08:30:00.000Z"
    },
    {
      "id": "ankara-20",
      "name": "ULUDAĞ ECZANESİ",
      "address": "Aktaş Mah. Bentderesi Cad. No:195/24 Altındağ/ ANKARA , Ankara Hast.Acil çıkışı Aktaş Kavşağı 03123204631",
      "phone": "03123204631",
      "district": "Altındağ",
      "city": "Ankara",
      "latitude": 39.939451057502,
      "longitude": 32.877206504345,
      "dutyStart": "2026-02-26T08:30:00.000Z",
      "dutyEnd": "2026-02-27T08:30:00.000Z"
    },
    {
      "id": "ankara-21",
      "name": "ÜLKEM ECZANESİ",
      "address": "29 Ekim Mah. Kıbrıs Cad. No:46/B Yenikent/ Sincan/ANKARA , 29 Ekim ASM Karşısı 03125111439",
      "phone": "03125111439",
      "district": "Sincan",
      "city": "Ankara",
      "latitude": 40.020052732383,
      "longitude": 32.530001755804,
      "dutyStart": "2026-02-26T08:30:00.000Z",
      "dutyEnd": "2026-02-27T08:30:00.000Z"
    },
    {
      "id": "ankara-22",
      "name": "KAYIRAN ECZANESİ",
      "address": "Camiatik Mah. Cumhuriyet Meydanı No:30/31 Ayaş / ANKARA , 03127121084",
      "phone": "03127121084",
      "district": "Ayaş",
      "city": "Ankara",
      "latitude": 40.019201307687,
      "longitude": 32.330703735352,
      "dutyStart": "2026-02-26T08:30:00.000Z",
      "dutyEnd": "2026-02-27T08:30:00.000Z"
    },
    {
      "id": "ankara-23",
      "name": "DAMLA ECZANESİ",
      "address": "Akşemsettin Mah. Kızılırmak Sok. No:89/A-B Sincan / ANKARA , Evcil Hayvanlar Parkı kar. 03122690747",
      "phone": "03122690747",
      "district": "Sincan",
      "city": "Ankara",
      "latitude": 39.970772791407,
      "longitude": 32.59375333786,
      "dutyStart": "2026-02-26T08:30:00.000Z",
      "dutyEnd": "2026-02-27T08:30:00.000Z"
    },
    {
      "id": "ankara-24",
      "name": "YİĞİT ECZANESİ",
      "address": "Yaşar Kemal Cad. Pınarbaşı Mah. No:90/A Sincan / ANKARA , 03122635022",
      "phone": "03122635022",
      "district": "Sincan",
      "city": "Ankara",
      "latitude": 39.950159506469,
      "longitude": 32.568512409925,
      "dutyStart": "2026-02-26T08:30:00.000Z",
      "dutyEnd": "2026-02-27T08:30:00.000Z"
    },
    {
      "id": "ankara-25",
      "name": "GÜVEN DORUK ECZANESİ",
      "address": "Gökçek Mah. 250.Cadde Zuhur Yapı Koop.Sitesi C Blok Apt.No.5/B Fatih/Sincan/ ANKARA , Sincan Eğitim ve Araş.Hast.Karşısı 03122673311",
      "phone": "03122673311",
      "district": "Sincan",
      "city": "Ankara",
      "latitude": 39.982755716981,
      "longitude": 32.569803893566,
      "dutyStart": "2026-02-26T08:30:00.000Z",
      "dutyEnd": "2026-02-27T08:30:00.000Z"
    },
    {
      "id": "ankara-26",
      "name": "İREM AŞIK ECZANESİ",
      "address": "Yıldırım Mah. Kavaklıdere Cad. No:80/C Akyurt/ANKARA , Tekin Gross Market arkası-3 Nolu ASM karşısı 05078799309",
      "phone": "05078799309",
      "district": "Akyurt",
      "city": "Ankara",
      "latitude": 40.126323305849,
      "longitude": 33.075319826603,
      "dutyStart": "2026-02-26T08:30:00.000Z",
      "dutyEnd": "2026-02-27T08:30:00.000Z"
    },
    {
      "id": "ankara-27",
      "name": "YENİ CAN ECZANESİ",
      "address": "Ayvaşık Mah. Sağlık Sok. No:5/A Beypazarı/ANKARA , Beypazarı Devlet Hastanesi kar. 03127627727",
      "phone": "03127627727",
      "district": "Beypazarı",
      "city": "Ankara",
      "latitude": 40.162947369308,
      "longitude": 31.931947767735,
      "dutyStart": "2026-02-26T08:30:00.000Z",
      "dutyEnd": "2026-02-27T08:30:00.000Z"
    },
    {
      "id": "ankara-28",
      "name": "ALPER ECZANESİ",
      "address": "Ayyıldız Mah. Trend Life Çarşısı 1624 Sok. No:3/B-16 Elvankent/Etimesgut/ANKARA , Cuma Pazaryeri Yanı-Ayyıldız asm arkası 03122602527",
      "phone": "03122602527",
      "district": "Etimesgut",
      "city": "Ankara",
      "latitude": 39.941487488351,
      "longitude": 32.615173459053,
      "dutyStart": "2026-02-26T08:30:00.000Z",
      "dutyEnd": "2026-02-27T08:30:00.000Z"
    },
    {
      "id": "ankara-29",
      "name": "BAĞLICA SAĞLIK ECZANESİ",
      "address": "Bağlıca Mah. Etimesgut Bulvarı No:116/A Etimesgut-ANKARA , Özel Fatoş Abla Koleji Yanı 03129995443",
      "phone": "03129995443",
      "district": "Ankara",
      "city": "Ankara",
      "latitude": 39.894834887935,
      "longitude": 32.647218356287,
      "dutyStart": "2026-02-26T08:30:00.000Z",
      "dutyEnd": "2026-02-27T08:30:00.000Z"
    },
    {
      "id": "ankara-30",
      "name": "BAŞARI ECZANESİ",
      "address": "30 Ağustos Mah.Şehitler Cad.N:46/A Etimesgut/ANKARA , Etm.ASKİ yanındaki Cami üstü 03122430069",
      "phone": "03122430069",
      "district": "Etimesgut",
      "city": "Ankara",
      "latitude": 39.94114971545,
      "longitude": 32.655959129333,
      "dutyStart": "2026-02-26T08:30:00.000Z",
      "dutyEnd": "2026-02-27T08:30:00.000Z"
    },
    {
      "id": "ankara-31",
      "name": "DÖRT MEVSİM ECZANESİ",
      "address": "Şeker Mah.1408. Cad. No:17/A Eryaman/ Etimesgut /ANKARA , Dört Mevsim Konutları yanı 03122801112",
      "phone": "03122801112",
      "district": "Etimesgut",
      "city": "Ankara",
      "latitude": 39.966893819777,
      "longitude": 32.65964448452,
      "dutyStart": "2026-02-26T08:30:00.000Z",
      "dutyEnd": "2026-02-27T08:30:00.000Z"
    },
    {
      "id": "ankara-32",
      "name": "SAĞLIK ECZANESİ",
      "address": "Yeni Mah. Koopratif Evleri Sokak No:13/A Haymana/ ANKARA , Kültür Merkezi Karşısı-ASM yanı 03126582267",
      "phone": "03126582267",
      "district": "Haymana",
      "city": "Ankara",
      "latitude": 39.43555081365,
      "longitude": 32.495874166489,
      "dutyStart": "2026-02-26T08:30:00.000Z",
      "dutyEnd": "2026-02-27T08:30:00.000Z"
    },
    {
      "id": "ankara-33",
      "name": "ALPER YILMAZ ECZANESİ",
      "address": "Kayı Mah. Ahi Evran Cad. No:23/E Kahramankazan/ ANKARA , Şehit Tunahan Doktur ASM yanı 03128000046",
      "phone": "03128000046",
      "district": "Kahramankazan",
      "city": "Ankara",
      "latitude": 40.195546183387,
      "longitude": 32.694197525488,
      "dutyStart": "2026-02-26T08:30:00.000Z",
      "dutyEnd": "2026-02-27T08:30:00.000Z"
    },
    {
      "id": "ankara-34",
      "name": "KERİM ECZANESİ",
      "address": "Akçay Mah. Cengiz Topel Cad.No:6/B Kızılcahamam /ANKARA , 03127361195",
      "phone": "03127361195",
      "district": "Kızılcahamam",
      "city": "Ankara",
      "latitude": 40.470772588791,
      "longitude": 32.648403095081,
      "dutyStart": "2026-02-26T08:30:00.000Z",
      "dutyEnd": "2026-02-27T08:30:00.000Z"
    },
    {
      "id": "ankara-35",
      "name": "ZEYNEP ULUCAN ECZANESİ",
      "address": "Karşıyaka Mah. Cumhuriyet Cad. No:3 Lalahan/ ANKARA (Sağlık Ocağı yanı) , “ÖZEL NÖBET BÖLGESİ. LÜTFEN ECZANEYİ TELEFON İLE ARAYİNİZ.\" 05010793360",
      "phone": "05010793360",
      "district": "Lalahan",
      "city": "Ankara",
      "latitude": 39.964030187577,
      "longitude": 33.107439279556,
      "dutyStart": "2026-02-26T08:30:00.000Z",
      "dutyEnd": "2026-02-27T08:30:00.000Z"
    },
    {
      "id": "ankara-36",
      "name": "NALLIHAN ECZANESİ",
      "address": "Aliağa Mah. Bursa Cad. No:36 Nallıhan / ANKARA , 03127851707",
      "phone": "03127851707",
      "district": "Nallıhan",
      "city": "Ankara",
      "latitude": 0,
      "longitude": 0,
      "dutyStart": "2026-02-26T08:30:00.000Z",
      "dutyEnd": "2026-02-27T08:30:00.000Z"
    },
    {
      "id": "ankara-37",
      "name": "NİLÜFER ECZANESİ",
      "address": "Fatih Mah. Atatürk Cad. No:164/A Polatlı/ ANKARA , 1 Nolu ASM Karşısı 03126235969",
      "phone": "03126235969",
      "district": "Polatlı",
      "city": "Ankara",
      "latitude": 39.577879800825,
      "longitude": 32.129248380661,
      "dutyStart": "2026-02-26T08:30:00.000Z",
      "dutyEnd": "2026-02-27T08:30:00.000Z"
    },
    {
      "id": "ankara-38",
      "name": "PURSAKLAR ŞİFA ECZANESİ",
      "address": "Fatih Mah. Gülyaz Cad. No:32/C Pursaklar/ANKARA , Belediye Hamamı yanı 03125271444",
      "phone": "03125271444",
      "district": "Pursaklar",
      "city": "Ankara",
      "latitude": 40.042893445275,
      "longitude": 32.899168431759,
      "dutyStart": "2026-02-26T08:30:00.000Z",
      "dutyEnd": "2026-02-27T08:30:00.000Z"
    },
    {
      "id": "ankara-39",
      "name": "VİTAMİN ECZANESİ",
      "address": "Yenişehir Mah. Neşet Abalıoğlu Sokak No:3/A Yahşihan/ KIRIKKALE , Değirmen Çerez-Madrid Cafe arası 05332400771",
      "phone": "05332400771",
      "district": "Ankara",
      "city": "Ankara",
      "latitude": 39.8694671647,
      "longitude": 33.454582840204,
      "dutyStart": "2026-02-26T08:30:00.000Z",
      "dutyEnd": "2026-02-27T08:30:00.000Z"
    },
    {
      "id": "ankara-40",
      "name": "KOÇYİĞİT ECZANESİ",
      "address": "Yeni Mah.İsmet Paşa Cad.No:44/A Şereflikoçhisar/ANKARA , As Kebap Yanı 03126871186",
      "phone": "03126871186",
      "district": "Şereflikoçhisar",
      "city": "Ankara",
      "latitude": 0,
      "longitude": 0,
      "dutyStart": "2026-02-26T08:30:00.000Z",
      "dutyEnd": "2026-02-27T08:30:00.000Z"
    },
    {
      "id": "ankara-41",
      "name": "METİN ECZANESİ",
      "address": "Kurtuluş Mah.İnönü Cad.No:1/C Karakeçili/ KIRIKKALE , 03184743033",
      "phone": "03184743033",
      "district": "Ankara",
      "city": "Ankara",
      "latitude": 39.598744363923,
      "longitude": 33.379865884781,
      "dutyStart": "2026-02-26T08:30:00.000Z",
      "dutyEnd": "2026-02-27T08:30:00.000Z"
    },
    {
      "id": "ankara-42",
      "name": "YENİ AYŞEM ECZANESİ",
      "address": "Halit Cevri Aslangil Mah.20. Sok.No:14/C Kalecik/ANKARA , 03128570859",
      "phone": "03128570859",
      "district": "Kalecik",
      "city": "Ankara",
      "latitude": 40.097114480436,
      "longitude": 33.408908843994,
      "dutyStart": "2026-02-26T08:30:00.000Z",
      "dutyEnd": "2026-02-27T08:30:00.000Z"
    },
    {
      "id": "ankara-43",
      "name": "YAZICI ECZANESİ",
      "address": "Seğmenler Mah. Cemal Gürsel Cad. No:23/B Gölbaşı/ ANKARA , 03124847051",
      "phone": "03124847051",
      "district": "Gölbaşı",
      "city": "Ankara",
      "latitude": 39.791553848774,
      "longitude": 32.808849066496,
      "dutyStart": "2026-02-26T08:30:00.000Z",
      "dutyEnd": "2026-02-27T08:30:00.000Z"
    },
    {
      "id": "ankara-44",
      "name": "ELMALI ECZANESİ",
      "address": "Bağlarbaşı Mah. Dr.Ahmet Ay Cad. No:7/D Merkez/KIRIKKALE , (Yüksek İhtisas Hastanesi karşısı) 03182330027",
      "phone": "03182330027",
      "district": "Ankara",
      "city": "Ankara",
      "latitude": 39.861337216929,
      "longitude": 33.480952978134,
      "dutyStart": "2026-02-26T08:30:00.000Z",
      "dutyEnd": "2026-02-27T08:30:00.000Z"
    },
    {
      "id": "ankara-45",
      "name": "SALTIK ECZANESİ",
      "address": "Yenidoğan Mah.611.Sok. No:2/E Merkez /KIRIKKALE , Zafer Cad.-Kızılkanat Belediye Alt Karşısı 03182250697",
      "phone": "03182250697",
      "district": "Ankara",
      "city": "Ankara",
      "latitude": 39.843093312284,
      "longitude": 33.506026268005,
      "dutyStart": "2026-02-26T08:30:00.000Z",
      "dutyEnd": "2026-02-27T08:30:00.000Z"
    },
    {
      "id": "ankara-46",
      "name": "SERA ECZANESİ",
      "address": "Yaşamkent Mah.3250. Cad. No:6/A /114 Çankaya/ ANKARA , 03122173002",
      "phone": "03122173002",
      "district": "Çankaya",
      "city": "Ankara",
      "latitude": 39.866377115724,
      "longitude": 32.640182375908,
      "dutyStart": "2026-02-26T08:30:00.000Z",
      "dutyEnd": "2026-02-27T08:30:00.000Z"
    },
    {
      "id": "ankara-47",
      "name": "LOTUS ANGORA ECZANESİ",
      "address": "Mutlukent Mah.Angora Bulvarı No:154/A Beysukent Çankaya/ANKARA , Genç Yıldırım Marketi yanı 03122363696",
      "phone": "03122363696",
      "district": "Çankaya",
      "city": "Ankara",
      "latitude": 39.885668600583,
      "longitude": 32.715590000153,
      "dutyStart": "2026-02-26T08:30:00.000Z",
      "dutyEnd": "2026-02-27T08:30:00.000Z"
    },
    {
      "id": "ankara-48",
      "name": "DEVA ECZANESİ",
      "address": "Cumhuriyet Mah.Başak Sok. No:21 Çubuk/ANKARA , 03128371334",
      "phone": "03128371334",
      "district": "Çubuk",
      "city": "Ankara",
      "latitude": 40.235508668939,
      "longitude": 33.030395507812,
      "dutyStart": "2026-02-26T08:30:00.000Z",
      "dutyEnd": "2026-02-27T08:30:00.000Z"
    },
    {
      "id": "ankara-49",
      "name": "DELİCE ECZANESİ",
      "address": "Cumhuriyet Mah. Atatürk Bulvarı No:6/C Delice/ KIRIKKALE , 03186185609",
      "phone": "03186185609",
      "district": "Ankara",
      "city": "Ankara",
      "latitude": 0,
      "longitude": 0,
      "dutyStart": "2026-02-26T08:30:00.000Z",
      "dutyEnd": "2026-02-27T08:30:00.000Z"
    },
    {
      "id": "ankara-50",
      "name": "ARINMIŞ ECZANESİ",
      "address": "Yukarı Mah. Leblebici Sok.No:19 Güdül/ ANKARA , 05301178589",
      "phone": "05301178589",
      "district": "Güdül",
      "city": "Ankara",
      "latitude": 40.210531690119,
      "longitude": 32.242609262466,
      "dutyStart": "2026-02-26T08:30:00.000Z",
      "dutyEnd": "2026-02-27T08:30:00.000Z"
    },
    {
      "id": "ankara-51",
      "name": "BALA MERKEZ ECZANESİ",
      "address": "Şentepe Mah.Atatürk Bulvarı No:86/C Bala/ ANKARA , 03128761023",
      "phone": "03128761023",
      "district": "Bala",
      "city": "Ankara",
      "latitude": 39.558588858532,
      "longitude": 33.118286132812,
      "dutyStart": "2026-02-26T08:30:00.000Z",
      "dutyEnd": "2026-02-27T08:30:00.000Z"
    },
    {
      "id": "ankara-52",
      "name": "YILMAZ ECZANESİ",
      "address": "Menderes Bulvarı Sağlık 1. Sok. No:2 Hasanoğlan /Elmadağ/ ANKARA (2.Tel:3128661233) , 03128663771",
      "phone": "03128663771",
      "district": "Elmadağ",
      "city": "Ankara",
      "latitude": 39.998689957679,
      "longitude": 33.180084228516,
      "dutyStart": "2026-02-26T08:30:00.000Z",
      "dutyEnd": "2026-02-27T08:30:00.000Z"
    },
    {
      "id": "ankara-53",
      "name": "KESKİN MERKEZ ECZANESİ",
      "address": "Yenice Mah. Prof. Dr. Beşir Atalay Cad. No:18/A Keskin/Kırıkkale , 03185152023",
      "phone": "03185152023",
      "district": "Ankara",
      "city": "Ankara",
      "latitude": 39.67366974166,
      "longitude": 33.615289656445,
      "dutyStart": "2026-02-26T08:30:00.000Z",
      "dutyEnd": "2026-02-27T08:30:00.000Z"
    },
    {
      "id": "ankara-54",
      "name": "ALTINTAŞ ECZANESİ",
      "address": "TEMELLİ-Cumhuriyet Mah. Hürriyet Cad. No:18/18 Temelli/ Sincan/ANKARA , Kasap Ali Yanı 05362810884",
      "phone": "05362810884",
      "district": "Sincan",
      "city": "Ankara",
      "latitude": 39.726681681766,
      "longitude": 32.354539185762,
      "dutyStart": "2026-02-26T08:30:00.000Z",
      "dutyEnd": "2026-02-27T08:30:00.000Z"
    },
    {
      "id": "ankara-55",
      "name": "FEYZA ECZANESİ",
      "address": "BALIŞEYH _Yeni Mahalle Samsun Cad. No:21/A Balışeyh / KIRIKKALE (Tel:05060258662) , PTT ve Belediye yanı, Merkez 03187137277",
      "phone": "03187137277",
      "district": "Ankara",
      "city": "Ankara",
      "latitude": 39.909849391713,
      "longitude": 33.717153034522,
      "dutyStart": "2026-02-26T08:30:00.000Z",
      "dutyEnd": "2026-02-27T08:30:00.000Z"
    },
    {
      "id": "ankara-56",
      "name": "BARIŞ ECZANESİ",
      "address": "Kemal Paşa Mah. Soğukpınar Sok No:6 Elmadağ / ANKARA , 03128630090",
      "phone": "03128630090",
      "district": "Elmadağ",
      "city": "Ankara",
      "latitude": 39.917619756386,
      "longitude": 33.231271505356,
      "dutyStart": "2026-02-26T08:30:00.000Z",
      "dutyEnd": "2026-02-27T08:30:00.000Z"
    },
    {
      "id": "ankara-57",
      "name": "BATIPORT ECZANESİ",
      "address": "Uğur Mumcu Mah. 1606. Sok. No:6/37 Batıport AVM Batıkent/ Yenimahalle/ANKARA , Vedat Dalokay Parkı yanı 05421817637",
      "phone": "05421817637",
      "district": "Yenimahalle",
      "city": "Ankara",
      "latitude": 39.963496712331,
      "longitude": 32.735696509071,
      "dutyStart": "2026-02-26T08:30:00.000Z",
      "dutyEnd": "2026-02-27T08:30:00.000Z"
    },
    {
      "id": "ankara-58",
      "name": "ELMALI ECZANESİ",
      "address": "Turgut Özal Mah. 2122. Sok. Özyumak Sitesi No:B/19 Batıkent/ Yenimahalle/ ANKARA , Batıkent Okkalı Konutları yakını 03123487575",
      "phone": "03123487575",
      "district": "Yenimahalle",
      "city": "Ankara",
      "latitude": 39.989722524044,
      "longitude": 32.72117972374,
      "dutyStart": "2026-02-26T08:30:00.000Z",
      "dutyEnd": "2026-02-27T08:30:00.000Z"
    },
    {
      "id": "ankara-59",
      "name": "VADİ ORAN ECZANESİ",
      "address": "Yukarı Dikmen Mah. 786. Cadde No:145/DJ Çankaya/ANKARA , Koz Oran-Migros yanı 03125444077",
      "phone": "03125444077",
      "district": "Çankaya",
      "city": "Ankara",
      "latitude": 39.858167017404,
      "longitude": 32.841964624822,
      "dutyStart": "2026-02-26T08:30:00.000Z",
      "dutyEnd": "2026-02-27T08:30:00.000Z"
    },
    {
      "id": "ankara-60",
      "name": "Nöbetçi Eczane Bulunamadı",
      "address": "Aradığınız kriterlere uygun nöbetçi eczane bulunamadı. Lütfen farklı bir arama deneyin.",
      "phone": "",
      "district": "Ankara",
      "city": "Ankara",
      "latitude": 0,
      "longitude": 0,
      "dutyStart": "2026-02-26T08:30:00.000Z",
      "dutyEnd": "2026-02-27T08:30:00.000Z"
    }
  ]
}