{
  "city": "ankara",
  "cityName": "Ankara",
  "cityId": 6,
  "date": "2026-02-23",
  "updatedAt": "2026-02-23T16:30:30.284Z",
  "count": 62,
  "pharmacies": [
    {
      "id": "ankara-0",
      "name": "SUN ECZANESİ",
      "address": "12.Cadde No:18/B Emek /Çankaya ANKARA , Emek Cami Karşısı 03122131678",
      "phone": "03122131678",
      "district": "Ankara",
      "city": "Ankara",
      "latitude": 39.920173682952,
      "longitude": 32.819073647261,
      "dutyStart": "2026-02-23T08:30:00.000Z",
      "dutyEnd": "2026-02-24T08:30:00.000Z"
    },
    {
      "id": "ankara-1",
      "name": "ÖZERCAN ECZANESİ",
      "address": "Emniyet Mah. Afet Sok. No:1 Gazi Mahallesi /Yenimahalle/ ANKARA , 03122213782",
      "phone": "03122213782",
      "district": "Yenimahalle",
      "city": "Ankara",
      "latitude": 39.944464650432,
      "longitude": 32.821698188782,
      "dutyStart": "2026-02-23T08:30:00.000Z",
      "dutyEnd": "2026-02-24T08:30:00.000Z"
    },
    {
      "id": "ankara-2",
      "name": "BİRİNCİ ECZANESİ",
      "address": "Vatan Cad.No:82/A Demetevler/ Yenimahalle/ ANKARA , Hastane Metro Durağı Karşısı 03123468140",
      "phone": "03123468140",
      "district": "Yenimahalle",
      "city": "Ankara",
      "latitude": 39.969284542148,
      "longitude": 32.783541083336,
      "dutyStart": "2026-02-23T08:30:00.000Z",
      "dutyEnd": "2026-02-24T08:30:00.000Z"
    },
    {
      "id": "ankara-3",
      "name": "ŞENTEPE ECZANESİ",
      "address": "Avcılar Mah. 1009 Sok. No:42/A Şentepe / Yenimahalle/ ANKARA , Yeni No:18/B 03123321044",
      "phone": "03123321044",
      "district": "Yenimahalle",
      "city": "Ankara",
      "latitude": 39.986722157366,
      "longitude": 32.786056995392,
      "dutyStart": "2026-02-23T08:30:00.000Z",
      "dutyEnd": "2026-02-24T08:30:00.000Z"
    },
    {
      "id": "ankara-4",
      "name": "İLKER EVREN ECZANESİ",
      "address": "Tuzluçayır Mah.Tıp Fakültesi Cad.N:182/A Mamak/ANKARA , 03123648007",
      "phone": "03123648007",
      "district": "Mamak",
      "city": "Ankara",
      "latitude": 39.925053958316,
      "longitude": 32.906627655029,
      "dutyStart": "2026-02-23T08:30:00.000Z",
      "dutyEnd": "2026-02-24T08:30:00.000Z"
    },
    {
      "id": "ankara-5",
      "name": "BABAYİĞİT ECZANESİ",
      "address": "Kıbrısköy Mah. Kıbrısköy Cad. No:13/E Mamak/ ANKARA , Kıbrısköyü PTT yanı 03123744545",
      "phone": "03123744545",
      "district": "Mamak",
      "city": "Ankara",
      "latitude": 39.890985566973,
      "longitude": 32.985071221383,
      "dutyStart": "2026-02-23T08:30:00.000Z",
      "dutyEnd": "2026-02-24T08:30:00.000Z"
    },
    {
      "id": "ankara-6",
      "name": "ÇAM ECZANESİ",
      "address": "Mehtap Mah. Okullar Cad. No:1/B Mamak/ ANKARA , Şok Market Üstü 03123643525",
      "phone": "03123643525",
      "district": "Mamak",
      "city": "Ankara",
      "latitude": 39.934054556861,
      "longitude": 32.895749861991,
      "dutyStart": "2026-02-23T08:30:00.000Z",
      "dutyEnd": "2026-02-24T08:30:00.000Z"
    },
    {
      "id": "ankara-7",
      "name": "ATASELİN ECZANESİ",
      "address": "Kırkkonaklar Mah. 329.Cad.No:29/C Çankaya/ANKARA , Sevgi ASM karşısı 03124955055",
      "phone": "03124955055",
      "district": "Çankaya",
      "city": "Ankara",
      "latitude": 39.887881052022,
      "longitude": 32.888635396957,
      "dutyStart": "2026-02-23T08:30:00.000Z",
      "dutyEnd": "2026-02-24T08:30:00.000Z"
    },
    {
      "id": "ankara-8",
      "name": "YENİ ÇINAR ECZANESİ",
      "address": "Turan Güneş Bulvarı No:11/B Yıldız/Çankaya/ANKARA , 03124395553",
      "phone": "03124395553",
      "district": "Çankaya",
      "city": "Ankara",
      "latitude": 39.876892182963,
      "longitude": 32.864275574684,
      "dutyStart": "2026-02-23T08:30:00.000Z",
      "dutyEnd": "2026-02-24T08:30:00.000Z"
    },
    {
      "id": "ankara-9",
      "name": "NEVA ECZANESİ",
      "address": "Muhsin Ertuğrul Mah. Belligün Cad. No:12/C Çankaya/ ANKARA , 03124362799",
      "phone": "03124362799",
      "district": "Çankaya",
      "city": "Ankara",
      "latitude": 39.906831631602,
      "longitude": 32.869571242609,
      "dutyStart": "2026-02-23T08:30:00.000Z",
      "dutyEnd": "2026-02-24T08:30:00.000Z"
    },
    {
      "id": "ankara-10",
      "name": "OZAN ÜLKÜ ECZANESİ",
      "address": "Olgunlar Sok. No:26/A Bakanlıklar / Çankaya/ANKARA , 03124174780",
      "phone": "03124174780",
      "district": "Çankaya",
      "city": "Ankara",
      "latitude": 39.915109965321,
      "longitude": 32.85737156868,
      "dutyStart": "2026-02-23T08:30:00.000Z",
      "dutyEnd": "2026-02-24T08:30:00.000Z"
    },
    {
      "id": "ankara-11",
      "name": "KARAGÖZ ECZANESİ",
      "address": "Sağlık Mah.Tuna Cad.Sağlık 1 Sokak No:37/A Çankaya/ANKARA , Aras Kargo Karşısı 03124311753",
      "phone": "03124311753",
      "district": "Çankaya",
      "city": "Ankara",
      "latitude": 39.925243711207,
      "longitude": 32.858975853323,
      "dutyStart": "2026-02-23T08:30:00.000Z",
      "dutyEnd": "2026-02-24T08:30:00.000Z"
    },
    {
      "id": "ankara-12",
      "name": "FİLİZER ECZANESİ",
      "address": "Basın Cad. No:21/C Basınevleri /Keçiören/ANKARA , 03123520959",
      "phone": "03123520959",
      "district": "Keçiören",
      "city": "Ankara",
      "latitude": 39.966990437005,
      "longitude": 32.855322360992,
      "dutyStart": "2026-02-23T08:30:00.000Z",
      "dutyEnd": "2026-02-24T08:30:00.000Z"
    },
    {
      "id": "ankara-13",
      "name": "OKTAN ECZANESİ",
      "address": "Etlik Mah.Kıvrımlı Caddesi No:31/A Keçiören/ ANKARA , Özel Lokman Hekim Hastanesi civarı 03125431080",
      "phone": "03125431080",
      "district": "Keçiören",
      "city": "Ankara",
      "latitude": 39.980383963342,
      "longitude": 32.832832505628,
      "dutyStart": "2026-02-23T08:30:00.000Z",
      "dutyEnd": "2026-02-24T08:30:00.000Z"
    },
    {
      "id": "ankara-14",
      "name": "CADDE GÜNEŞEVLER ECZANESİ",
      "address": "Güneşevler Mah. Mehmet Akif Ersoy Cad. No:25/D Altındağ/ANKARA , Cumapazarı Çap-Migros Karşısı-Şok yanı 03123481445",
      "phone": "03123481445",
      "district": "Altındağ",
      "city": "Ankara",
      "latitude": 39.970855014179,
      "longitude": 32.894530892372,
      "dutyStart": "2026-02-23T08:30:00.000Z",
      "dutyEnd": "2026-02-24T08:30:00.000Z"
    },
    {
      "id": "ankara-15",
      "name": "TUNÇLAR ECZANESİ",
      "address": "Kuşcağız Mah. Gün Sazak Cad. No:167/A Keçiören/ANKARA , Sanatoryum Hastanesi Acil Karşısı 03123556000",
      "phone": "03123556000",
      "district": "Keçiören",
      "city": "Ankara",
      "latitude": 40.002914353385,
      "longitude": 32.852111756802,
      "dutyStart": "2026-02-23T08:30:00.000Z",
      "dutyEnd": "2026-02-24T08:30:00.000Z"
    },
    {
      "id": "ankara-16",
      "name": "YENİ YEŞİM ECZANESİ",
      "address": "Pınarbaşı Mah. Adalı Sok.(Atlılar Cad.) No:38/A Keçiören/ ANKARA , Eski Meslek Hastanesi Karşısı 03125805663",
      "phone": "03125805663",
      "district": "Keçiören",
      "city": "Ankara",
      "latitude": 40.007302845653,
      "longitude": 32.860869169235,
      "dutyStart": "2026-02-23T08:30:00.000Z",
      "dutyEnd": "2026-02-24T08:30:00.000Z"
    },
    {
      "id": "ankara-17",
      "name": "ÇELİKKAN ECZANESİ",
      "address": "Sokullu Mehmet Paşa Cad. No:95/A 11 Dikmen/Çankaya/ANKARA , Parlamenterler Sitesi Karşısı 03124808927",
      "phone": "03124808927",
      "district": "Çankaya",
      "city": "Ankara",
      "latitude": 39.883462252326,
      "longitude": 32.836697101593,
      "dutyStart": "2026-02-23T08:30:00.000Z",
      "dutyEnd": "2026-02-24T08:30:00.000Z"
    },
    {
      "id": "ankara-18",
      "name": "BOTANİK ECZANESİ",
      "address": "Oran Mah. Ferit Recai Ertuğrul Cad. No:2/F Çankaya/ANKARA , Türk Japon Vakfı Binasında 03124915055",
      "phone": "03124915055",
      "district": "Çankaya",
      "city": "Ankara",
      "latitude": 39.847490516192,
      "longitude": 32.828539162874,
      "dutyStart": "2026-02-23T08:30:00.000Z",
      "dutyEnd": "2026-02-24T08:30:00.000Z"
    },
    {
      "id": "ankara-19",
      "name": "KIVANÇ ECZANESİ",
      "address": "Ayrancı Mah. Elçi Cad. No:19/E Yukarı Ayrancı /Çankaya/ ANKARA , 03124680580",
      "phone": "03124680580",
      "district": "Çankaya",
      "city": "Ankara",
      "latitude": 39.902658396094,
      "longitude": 32.846696376801,
      "dutyStart": "2026-02-23T08:30:00.000Z",
      "dutyEnd": "2026-02-24T08:30:00.000Z"
    },
    {
      "id": "ankara-20",
      "name": "DABAK ECZANESİ",
      "address": "Talatpaşa Bulvarı Çifteler Sok. No::130/6 Cebeci Mah./Altındağ/ ANKARA , Zekai Tahir Burak Doğ.Hast.Yanı 03123636963",
      "phone": "03123636963",
      "district": "Altındağ",
      "city": "Ankara",
      "latitude": 39.933153727581,
      "longitude": 32.870230078697,
      "dutyStart": "2026-02-23T08:30:00.000Z",
      "dutyEnd": "2026-02-24T08:30:00.000Z"
    },
    {
      "id": "ankara-21",
      "name": "NESRİN POLAT ECZANESİ",
      "address": "29 Ekim Mah. Melih Gökçek bulvarı no:5/BB-BC Yenikent/ Sincan/ANKARA , Natura Kent Sit.altı-Migros yanı 03125043440",
      "phone": "03125043440",
      "district": "Sincan",
      "city": "Ankara",
      "latitude": 40.016854442762,
      "longitude": 32.535234745592,
      "dutyStart": "2026-02-23T08:30:00.000Z",
      "dutyEnd": "2026-02-24T08:30:00.000Z"
    },
    {
      "id": "ankara-22",
      "name": "KAYIRAN ECZANESİ",
      "address": "Camiatik Mah. Cumhuriyet Meydanı No:30/31 Ayaş / ANKARA , 03127121084",
      "phone": "03127121084",
      "district": "Ayaş",
      "city": "Ankara",
      "latitude": 40.019201307687,
      "longitude": 32.330703735352,
      "dutyStart": "2026-02-23T08:30:00.000Z",
      "dutyEnd": "2026-02-24T08:30:00.000Z"
    },
    {
      "id": "ankara-23",
      "name": "SANATKAR ECZANESİ",
      "address": "Pınarbaşı Mah. Oyun Sok. No:20/A Sincan/ANKARA , Vatan Cad. Tercih Mağazası arkası 03122632233",
      "phone": "03122632233",
      "district": "Sincan",
      "city": "Ankara",
      "latitude": 39.951488820572,
      "longitude": 32.576104402542,
      "dutyStart": "2026-02-23T08:30:00.000Z",
      "dutyEnd": "2026-02-24T08:30:00.000Z"
    },
    {
      "id": "ankara-24",
      "name": "SENEM ECZANESİ",
      "address": "Mareşal Çakmak Mah. Yavuz Cad. No:69/A Sincan/ ANKARA , 1 Nolu Sağlık Ocağı karşısı 03122761920",
      "phone": "03122761920",
      "district": "Sincan",
      "city": "Ankara",
      "latitude": 39.956723578976,
      "longitude": 32.588726878166,
      "dutyStart": "2026-02-23T08:30:00.000Z",
      "dutyEnd": "2026-02-24T08:30:00.000Z"
    },
    {
      "id": "ankara-25",
      "name": "İLAÇEVİ ECZANESİ",
      "address": "Ulubatlı Hasan Mah. Candan Sok. No:1/1 Fatih/ Sincan/ ANKARA , Yeni Çarşamba Pazarı 03122727077",
      "phone": "03122727077",
      "district": "Sincan",
      "city": "Ankara",
      "latitude": 39.991945998437,
      "longitude": 32.594313919544,
      "dutyStart": "2026-02-23T08:30:00.000Z",
      "dutyEnd": "2026-02-24T08:30:00.000Z"
    },
    {
      "id": "ankara-26",
      "name": "YEŞİLTEPE ANADOLU ECZANESİ",
      "address": "Yeşiltepe Mah. Mezbaha Cad. No:8/B Akyurt/ ANKARA , Yeni Devlet Hastanesi Karşısı 05510780096",
      "phone": "05510780096",
      "district": "Akyurt",
      "city": "Ankara",
      "latitude": 40.137953905636,
      "longitude": 33.088811673224,
      "dutyStart": "2026-02-23T08:30:00.000Z",
      "dutyEnd": "2026-02-24T08:30:00.000Z"
    },
    {
      "id": "ankara-27",
      "name": "KARATAŞ ECZANESİ",
      "address": "Atakent Mah. 804. Cadde No:3C/L Elvankent/ Etimesgut/ ANKARA , (Banka Blokları-TK1 çarşısı) 03122602084",
      "phone": "03122602084",
      "district": "Etimesgut",
      "city": "Ankara",
      "latitude": 39.955378946363,
      "longitude": 32.60843038559,
      "dutyStart": "2026-02-23T08:30:00.000Z",
      "dutyEnd": "2026-02-24T08:30:00.000Z"
    },
    {
      "id": "ankara-28",
      "name": "ARIN ECZANESİ",
      "address": "Ahi Mesut Mah. 2208.Sok. No:4/A Etimesgut/ ANKARA , Cıbıroğlu İş Merk.-Bim Market yanı 03125020300",
      "phone": "03125020300",
      "district": "Etimesgut",
      "city": "Ankara",
      "latitude": 39.92860003924,
      "longitude": 32.642803379457,
      "dutyStart": "2026-02-23T08:30:00.000Z",
      "dutyEnd": "2026-02-24T08:30:00.000Z"
    },
    {
      "id": "ankara-29",
      "name": "EFE ECZANESİ",
      "address": "Bağlıca Mah. Mermeroğlu Cad. No:72/5 Bağlıca/ Etimesgut/ ANKARA , Mermeroğlu Cd.Bağlıca Merkez Cami yanı 03125435644",
      "phone": "03125435644",
      "district": "Etimesgut",
      "city": "Ankara",
      "latitude": 39.887097955281,
      "longitude": 32.631468926556,
      "dutyStart": "2026-02-23T08:30:00.000Z",
      "dutyEnd": "2026-02-24T08:30:00.000Z"
    },
    {
      "id": "ankara-30",
      "name": "ERYAMAN PRESTİJ ECZANESİ",
      "address": "Şehit Osman Avcı Mah. Malazgirt 1071 Cadde No:49/B-A Eryaman/ Etimesgut/ ANKARA , 03125149091",
      "phone": "03125149091",
      "district": "Etimesgut",
      "city": "Ankara",
      "latitude": 39.985927860154,
      "longitude": 32.654917091131,
      "dutyStart": "2026-02-23T08:30:00.000Z",
      "dutyEnd": "2026-02-24T08:30:00.000Z"
    },
    {
      "id": "ankara-31",
      "name": "ALP ECZANESİ",
      "address": "Yeni Mah. Ankara Cad.Özkanlar Sitesi No:57/C-B Haymana/ ANKARA , 03126580903",
      "phone": "03126580903",
      "district": "Haymana",
      "city": "Ankara",
      "latitude": 39.440599061937,
      "longitude": 32.505424171686,
      "dutyStart": "2026-02-23T08:30:00.000Z",
      "dutyEnd": "2026-02-24T08:30:00.000Z"
    },
    {
      "id": "ankara-32",
      "name": "ŞİFA ECZANESİ",
      "address": "Atatürk Mah. Mehmet Akif Ersoy Cad. No:27/E Kahramankazan / ANKARA , 03128141416",
      "phone": "03128141416",
      "district": "Kahramankazan",
      "city": "Ankara",
      "latitude": 40.202285586482,
      "longitude": 32.679632306099,
      "dutyStart": "2026-02-23T08:30:00.000Z",
      "dutyEnd": "2026-02-24T08:30:00.000Z"
    },
    {
      "id": "ankara-33",
      "name": "MERVE ECZANESİ",
      "address": "Yenice Mah. Cengiz Topel Cad.No:5/A Kızılcahamam / ANKARA , 03127361332",
      "phone": "03127361332",
      "district": "Kızılcahamam",
      "city": "Ankara",
      "latitude": 40.470834312559,
      "longitude": 32.648214586079,
      "dutyStart": "2026-02-23T08:30:00.000Z",
      "dutyEnd": "2026-02-24T08:30:00.000Z"
    },
    {
      "id": "ankara-34",
      "name": "MÜFTÜOĞLU ECZANESİ",
      "address": "Lalahan Mah.Lalapaşa Cad.3/B Lalahan/ / ANKARA ((312865 18 85) , “ÖZEL NÖBET BÖLGESİ LÜTFEN ECZANEYİ TELEFON İLE ARAYİNİZ.\" 05408651885",
      "phone": "05408651885",
      "district": "Ankara",
      "city": "Ankara",
      "latitude": 39.970676179525,
      "longitude": 33.114105784334,
      "dutyStart": "2026-02-23T08:30:00.000Z",
      "dutyEnd": "2026-02-24T08:30:00.000Z"
    },
    {
      "id": "ankara-35",
      "name": "TAYFUN TANER ECZANESİ",
      "address": "Ali Ağa Mah. Bursa Cad. No:8 Nallıhan / ANKARA , 03127856000",
      "phone": "03127856000",
      "district": "Nallıhan",
      "city": "Ankara",
      "latitude": 0,
      "longitude": 0,
      "dutyStart": "2026-02-23T08:30:00.000Z",
      "dutyEnd": "2026-02-24T08:30:00.000Z"
    },
    {
      "id": "ankara-36",
      "name": "MERVE ECZANESİ",
      "address": "Cumhuriyet Mah. Ankara Cad.No.30 Polatlı/ANKARA , Çarşı Camii karşısı 03126213040",
      "phone": "03126213040",
      "district": "Polatlı",
      "city": "Ankara",
      "latitude": 39.584904257591,
      "longitude": 32.14447259903,
      "dutyStart": "2026-02-23T08:30:00.000Z",
      "dutyEnd": "2026-02-24T08:30:00.000Z"
    },
    {
      "id": "ankara-37",
      "name": "YAMAN ECZANESİ",
      "address": "Merkez Mah. Atatürk Cad. No:35/A Pursaklar/ ANKARA , Cumartesi pazarı karşısı 03123281808",
      "phone": "03123281808",
      "district": "Pursaklar",
      "city": "Ankara",
      "latitude": 40.035325219474,
      "longitude": 32.900720089674,
      "dutyStart": "2026-02-23T08:30:00.000Z",
      "dutyEnd": "2026-02-24T08:30:00.000Z"
    },
    {
      "id": "ankara-38",
      "name": "HAYAT ECZANESİ",
      "address": "Yenişehir Mah. 260.sok No:2/D Yahşihan/KIRIKKALE , Tıp Fakültesi Hastanesi karşısı 03182240660",
      "phone": "03182240660",
      "district": "Ankara",
      "city": "Ankara",
      "latitude": 39.869390995946,
      "longitude": 33.457124233246,
      "dutyStart": "2026-02-23T08:30:00.000Z",
      "dutyEnd": "2026-02-24T08:30:00.000Z"
    },
    {
      "id": "ankara-39",
      "name": "MERAL UZUNÖZ ECZANESİ",
      "address": "Yeni Mah. İsmetpaşa Cad. No:2 Şereflikoçhisar/ANKARA , 03126876218",
      "phone": "03126876218",
      "district": "Şereflikoçhisar",
      "city": "Ankara",
      "latitude": 0,
      "longitude": 0,
      "dutyStart": "2026-02-23T08:30:00.000Z",
      "dutyEnd": "2026-02-24T08:30:00.000Z"
    },
    {
      "id": "ankara-40",
      "name": "KARAKEÇİLİ ECZANESİ",
      "address": "Fatih Sultan Mehmet Mah.Hürriyet Cad.No:4/A Karakeçili/ KIRIKKALE , 03184743643",
      "phone": "03184743643",
      "district": "Ankara",
      "city": "Ankara",
      "latitude": 39.993750206346,
      "longitude": 33.533243363199,
      "dutyStart": "2026-02-23T08:30:00.000Z",
      "dutyEnd": "2026-02-24T08:30:00.000Z"
    },
    {
      "id": "ankara-41",
      "name": "SAĞLIK ECZANESİ",
      "address": "Halit Cevri Aslangil Mah. Çağlar Cad. No:20.Sok. No:12/B Kalecik/ ANKARA , Kalecik Devlet Hastanesi Karşısı 03128571110",
      "phone": "03128571110",
      "district": "Kalecik",
      "city": "Ankara",
      "latitude": 40.111110189041,
      "longitude": 33.409390577835,
      "dutyStart": "2026-02-23T08:30:00.000Z",
      "dutyEnd": "2026-02-24T08:30:00.000Z"
    },
    {
      "id": "ankara-42",
      "name": "SELİN ECZANESİ",
      "address": "Eymir Mah. Gediz Sok. 1/1 3. Etap Toki İş Merkezi Gölbaşı/ ANKARA , 03124850059",
      "phone": "03124850059",
      "district": "Gölbaşı",
      "city": "Ankara",
      "latitude": 39.791551787824,
      "longitude": 32.841283679008,
      "dutyStart": "2026-02-23T08:30:00.000Z",
      "dutyEnd": "2026-02-24T08:30:00.000Z"
    },
    {
      "id": "ankara-43",
      "name": "İLDEN ECZANESİ",
      "address": "Bağlarbaşı Mah. Dr.Ahmet Ay Cad.No:6/C Merkez/ KIRIKKALE , (Yüksek İhtisas Hastanesi karşısı) 03182341828",
      "phone": "03182341828",
      "district": "Ankara",
      "city": "Ankara",
      "latitude": 39.861629574114,
      "longitude": 33.480534553528,
      "dutyStart": "2026-02-23T08:30:00.000Z",
      "dutyEnd": "2026-02-24T08:30:00.000Z"
    },
    {
      "id": "ankara-44",
      "name": "AYTEKİN ECZANESİ",
      "address": "Güzeltepe Mah. Hürriyet Cad.No:79.B KIRIKKALE , Nokta Ziraat Bankası altı-Hürriyet ASM karşısı 03183330071",
      "phone": "03183330071",
      "district": "Ankara",
      "city": "Ankara",
      "latitude": 39.847546888772,
      "longitude": 33.502236085824,
      "dutyStart": "2026-02-23T08:30:00.000Z",
      "dutyEnd": "2026-02-24T08:30:00.000Z"
    },
    {
      "id": "ankara-45",
      "name": "MERVE BAYSAL ECZANESİ",
      "address": "Çayyolu Mah.Çayyolu Kümeevleri No:34/A Çayyolu/ Çankaya/ANKARA , Çayyolu Köyü 1Nolu ASM kar 03122357274",
      "phone": "03122357274",
      "district": "Çankaya",
      "city": "Ankara",
      "latitude": 39.885545112817,
      "longitude": 32.698134183884,
      "dutyStart": "2026-02-23T08:30:00.000Z",
      "dutyEnd": "2026-02-24T08:30:00.000Z"
    },
    {
      "id": "ankara-46",
      "name": "BİLKENT ALP ECZANESİ",
      "address": "Beytepe Mah. 1790. Cad. No:21/B Bilkent3 Sitesi/ Çankaya/ ANKARA , Nazende Sitesi Karşısı 03125437034",
      "phone": "03125437034",
      "district": "Çankaya",
      "city": "Ankara",
      "latitude": 39.852005839,
      "longitude": 32.757502198219,
      "dutyStart": "2026-02-23T08:30:00.000Z",
      "dutyEnd": "2026-02-24T08:30:00.000Z"
    },
    {
      "id": "ankara-47",
      "name": "ONUR ECZANESİ",
      "address": "Cumhuriyet Mah. Çember Sok. No:1/A Çubuk / ANKARA , 03128371499",
      "phone": "03128371499",
      "district": "Çubuk",
      "city": "Ankara",
      "latitude": 40.229625695192,
      "longitude": 33.032321333885,
      "dutyStart": "2026-02-23T08:30:00.000Z",
      "dutyEnd": "2026-02-24T08:30:00.000Z"
    },
    {
      "id": "ankara-48",
      "name": "CENNET ECZANESİ",
      "address": "Cumhuriyet Mah.Ankara Cad. No:34/A Delice KIRIKKALE , 03186185433",
      "phone": "03186185433",
      "district": "Ankara",
      "city": "Ankara",
      "latitude": 0,
      "longitude": 0,
      "dutyStart": "2026-02-23T08:30:00.000Z",
      "dutyEnd": "2026-02-24T08:30:00.000Z"
    },
    {
      "id": "ankara-49",
      "name": "VERESELİ GÜDÜL ECZANESİ",
      "address": "Yukarı Gençlik Cad. No:10/A Güdül / ANKARA , 03127281533",
      "phone": "03127281533",
      "district": "Güdül",
      "city": "Ankara",
      "latitude": 40.20877009282,
      "longitude": 32.244186401367,
      "dutyStart": "2026-02-23T08:30:00.000Z",
      "dutyEnd": "2026-02-24T08:30:00.000Z"
    },
    {
      "id": "ankara-50",
      "name": "YENİ BALA ECZANESİ",
      "address": "Kartaltepe Mah. Alparslan Türkeş Bulvarı No:4 Bala/ ANKARA , 03128761376",
      "phone": "03128761376",
      "district": "Bala",
      "city": "Ankara",
      "latitude": 39.552947363191,
      "longitude": 33.123903349042,
      "dutyStart": "2026-02-23T08:30:00.000Z",
      "dutyEnd": "2026-02-24T08:30:00.000Z"
    },
    {
      "id": "ankara-51",
      "name": "YILMAZ ECZANESİ",
      "address": "Menderes Bulvarı Sağlık 1. Sok. No:2 Hasanoğlan /Elmadağ/ ANKARA (2.Tel:3128661233) , 03128663771",
      "phone": "03128663771",
      "district": "Elmadağ",
      "city": "Ankara",
      "latitude": 39.998689957679,
      "longitude": 33.180084228516,
      "dutyStart": "2026-02-23T08:30:00.000Z",
      "dutyEnd": "2026-02-24T08:30:00.000Z"
    },
    {
      "id": "ankara-52",
      "name": "KESKİN MERKEZ ECZANESİ",
      "address": "Yenice Mah. Prof. Dr. Beşir Atalay Cad. No:18/A Keskin/Kırıkkale , 03185152023",
      "phone": "03185152023",
      "district": "Ankara",
      "city": "Ankara",
      "latitude": 39.67366974166,
      "longitude": 33.615289656445,
      "dutyStart": "2026-02-23T08:30:00.000Z",
      "dutyEnd": "2026-02-24T08:30:00.000Z"
    },
    {
      "id": "ankara-53",
      "name": "ALTINTAŞ ECZANESİ",
      "address": "TEMELLİ-Cumhuriyet Mah. Hürriyet Cad. No:18/18 Temelli/ Sincan/ANKARA , Kasap Ali Yanı 05362810884",
      "phone": "05362810884",
      "district": "Sincan",
      "city": "Ankara",
      "latitude": 39.726681681766,
      "longitude": 32.354539185762,
      "dutyStart": "2026-02-23T08:30:00.000Z",
      "dutyEnd": "2026-02-24T08:30:00.000Z"
    },
    {
      "id": "ankara-54",
      "name": "BALIŞEYH ECZANESİ",
      "address": "Yeni Mah. 43.Sok. No:14/B Balışeyh/KIRIKKALE , Balışeyh Toplum Sağlığı Merkezi Karşısı 03182333318",
      "phone": "03182333318",
      "district": "Ankara",
      "city": "Ankara",
      "latitude": 39.916098977986,
      "longitude": 33.715695217252,
      "dutyStart": "2026-02-23T08:30:00.000Z",
      "dutyEnd": "2026-02-24T08:30:00.000Z"
    },
    {
      "id": "ankara-55",
      "name": "OZAN TÜRK ECZANESİ",
      "address": "Kemalpaşa Mah. Ali Eysen Sokak No:6/A Elmadağ/ ANKARA , Lale Pastanesi arkası 03128631245",
      "phone": "03128631245",
      "district": "Elmadağ",
      "city": "Ankara",
      "latitude": 39.921139480541,
      "longitude": 33.226707726717,
      "dutyStart": "2026-02-23T08:30:00.000Z",
      "dutyEnd": "2026-02-24T08:30:00.000Z"
    },
    {
      "id": "ankara-56",
      "name": "BÜYÜK ECZANESİ",
      "address": "Turgut Özal Mah. 2191. Cad. No:1-B/75 Batıkent/ Yenimahalle/ ANKARA , Turgut Özal ASM Karşısı 03125666900",
      "phone": "03125666900",
      "district": "Yenimahalle",
      "city": "Ankara",
      "latitude": 39.98944098839,
      "longitude": 32.707470953301,
      "dutyStart": "2026-02-23T08:30:00.000Z",
      "dutyEnd": "2026-02-24T08:30:00.000Z"
    },
    {
      "id": "ankara-57",
      "name": "BARTU ECZANESİ",
      "address": "İnönü Mah.1766.Sok. No:21 Batıkent / Yenimahalle/ANKARA (03122787048) , ÖZEL BİLGİ Hastanesi Karşısı 05075024554",
      "phone": "05075024554",
      "district": "Yenimahalle",
      "city": "Ankara",
      "latitude": 39.950065949747,
      "longitude": 32.715847492218,
      "dutyStart": "2026-02-23T08:30:00.000Z",
      "dutyEnd": "2026-02-24T08:30:00.000Z"
    },
    {
      "id": "ankara-58",
      "name": "ZEYNEP ECZANESİ",
      "address": "Çukurambar Mah. 1424. Cad. B2 Blok No:6/2-8 Çankaya/ANKARA , Cubes Ankara 03124802881",
      "phone": "03124802881",
      "district": "Çankaya",
      "city": "Ankara",
      "latitude": 39.905922321449,
      "longitude": 32.80363148231,
      "dutyStart": "2026-02-23T08:30:00.000Z",
      "dutyEnd": "2026-02-24T08:30:00.000Z"
    },
    {
      "id": "ankara-59",
      "name": "NEV201 ECZANESİ",
      "address": "Ehlibeyt Mah. Mevlana Bulvarı No:201A/94Çankaya/ANKARA , Taurus AVM Kar.NEV201 Blokları Altı 03125143700",
      "phone": "03125143700",
      "district": "Çankaya",
      "city": "Ankara",
      "latitude": 39.888257676179,
      "longitude": 32.813782989979,
      "dutyStart": "2026-02-23T08:30:00.000Z",
      "dutyEnd": "2026-02-24T08:30:00.000Z"
    },
    {
      "id": "ankara-60",
      "name": "BERAT ECZANESİ",
      "address": "Başağaç Mah Mehmet Akif Ersoy Cad. No:28/A , 2 Nolu Aile Sağlığı Merkezi Karşısı 05335203762",
      "phone": "05335203762",
      "district": "Ankara",
      "city": "Ankara",
      "latitude": 40.151201371639,
      "longitude": 31.906622685492,
      "dutyStart": "2026-02-23T08:30:00.000Z",
      "dutyEnd": "2026-02-24T08:30:00.000Z"
    },
    {
      "id": "ankara-61",
      "name": "Nöbetçi Eczane Bulunamadı",
      "address": "Aradığınız kriterlere uygun nöbetçi eczane bulunamadı. Lütfen farklı bir arama deneyin.",
      "phone": "",
      "district": "Ankara",
      "city": "Ankara",
      "latitude": 0,
      "longitude": 0,
      "dutyStart": "2026-02-23T08:30:00.000Z",
      "dutyEnd": "2026-02-24T08:30:00.000Z"
    }
  ]
}