{
  "city": "gaziantep",
  "cityName": "Gaziantep",
  "cityId": 27,
  "date": "2026-02-28",
  "updatedAt": "2026-02-28T16:30:03.636Z",
  "count": 21,
  "pharmacies": [
    {
      "id": "gaziantep-0",
      "name": "NECCAR ECZANESİ",
      "address": "Eyüpoğlu Mahallesi Değirmen Sokak No:5/B (Ersin Arslan Devlet Hst. civarı)",
      "phone": "03422212002",
      "district": "Şahi̇nbey",
      "city": "Gaziantep",
      "latitude": 37.059723,
      "longitude": 37.378117,
      "dutyStart": "2026-02-28T08:30:00.000Z",
      "dutyEnd": "2026-03-01T08:30:00.000Z"
    },
    {
      "id": "gaziantep-1",
      "name": "YÖRE ECZANESİ",
      "address": "Gümüştekin Mahallesi Kuyucak Caddesi No:79/A(CUMHURİYET ASM KARŞISI HOŞGÖR İ.Ö.O YANI 19 MAYIS LİSESİ CİVARI) )",
      "phone": "03422516800",
      "district": "Şahi̇nbey",
      "city": "Gaziantep",
      "latitude": 37.052879,
      "longitude": 37.362629,
      "dutyStart": "2026-02-28T08:30:00.000Z",
      "dutyEnd": "2026-03-01T08:30:00.000Z"
    },
    {
      "id": "gaziantep-2",
      "name": "KAVACIK ECZANESİ",
      "address": "Şirinevler Mahallesi 69064 Nolu Cadde No:14/A (Abdulkadir Yüksel Hastane Acil Karşısı)",
      "phone": "03423433127",
      "district": "Şahi̇nbey",
      "city": "Gaziantep",
      "latitude": 37.058418,
      "longitude": 37.418578,
      "dutyStart": "2026-02-28T08:30:00.000Z",
      "dutyEnd": "2026-03-01T08:30:00.000Z"
    },
    {
      "id": "gaziantep-3",
      "name": "KEVSER ECZANESI",
      "address": "Binevler Mh. 14 Cd. N:29/A(Binevler Sağlık Ocağı Karşısı)",
      "phone": "03423363331",
      "district": "Şahi̇nbey",
      "city": "Gaziantep",
      "latitude": 37.057568,
      "longitude": 37.333866,
      "dutyStart": "2026-02-28T08:30:00.000Z",
      "dutyEnd": "2026-03-01T08:30:00.000Z"
    },
    {
      "id": "gaziantep-4",
      "name": "YEŞİLDOĞA ECZANESİ",
      "address": "Akkent mah. 134012. cadde Flora sitesi 29 C/F (Akkent Sembol Center Karşısı)",
      "phone": "08503174292",
      "district": "Şahi̇nbey",
      "city": "Gaziantep",
      "latitude": 37.018141,
      "longitude": 37.365131,
      "dutyStart": "2026-02-28T08:30:00.000Z",
      "dutyEnd": "2026-03-01T08:30:00.000Z"
    },
    {
      "id": "gaziantep-5",
      "name": "DOĞAN ECZANESİ",
      "address": "Güneykent mah. 102282 nolu sokak. No: 2H/B - ŞAHİNBEY (Güneykent Sembol Market ve Türkiye Petrolleri Karşısı, Beşyüzevler Saglik Ocağı Yanı, Parkın köşesi)",
      "phone": "03425028010",
      "district": "Şahi̇nbey",
      "city": "Gaziantep",
      "latitude": 37.025525,
      "longitude": 37.323379,
      "dutyStart": "2026-02-28T08:30:00.000Z",
      "dutyEnd": "2026-03-01T08:30:00.000Z"
    },
    {
      "id": "gaziantep-6",
      "name": "ADIBELLI ECZANESI",
      "address": "Deniz mah. 83039 sk. No:26/A (Deniz semt pazarı civarı , yeni İşkur binası karşısı - M. Ali Özkara ASM) / ŞAHİNBEY",
      "phone": "03423607722",
      "district": "Şahi̇nbey",
      "city": "Gaziantep",
      "latitude": 37.041809,
      "longitude": 37.330608,
      "dutyStart": "2026-02-28T08:30:00.000Z",
      "dutyEnd": "2026-03-01T08:30:00.000Z"
    },
    {
      "id": "gaziantep-7",
      "name": "FERYAL ECZANESİ",
      "address": "Ertuğrulgazi mah. Su yolu cad. No:177/A ( Alpet petrol 100 mt. İlerisi / Bülbülzade sağlık kabininin bitişiği)",
      "phone": "05326808827",
      "district": "Şahi̇nbey",
      "city": "Gaziantep",
      "latitude": 37.019675,
      "longitude": 37.36785,
      "dutyStart": "2026-02-28T08:30:00.000Z",
      "dutyEnd": "2026-03-01T08:30:00.000Z"
    },
    {
      "id": "gaziantep-8",
      "name": "ÖZBAY ECZANESİ",
      "address": "Mücahitler Mahallesi Kudüs Caddesi No:32/F (Çetinkaya arkası Teymur Otel karşısı)",
      "phone": "05334069925",
      "district": "Şehi̇tkami̇l",
      "city": "Gaziantep",
      "latitude": 37.06675232813354,
      "longitude": 37.38321304321289,
      "dutyStart": "2026-02-28T08:30:00.000Z",
      "dutyEnd": "2026-03-01T08:30:00.000Z"
    },
    {
      "id": "gaziantep-9",
      "name": "SAVAŞ ECZANESİ",
      "address": "Değirmiçem Mahallesi Ali Fuat Cebesoy Bulvarı No:7/B (Eski Şehitkamil Belediyesi karşısı, Grand Hotel-Forum Avm Güzergahı üzerinde, İstasyon Aile sağlığı merkezi karşısı)",
      "phone": "03423256030",
      "district": "Şehi̇tkami̇l",
      "city": "Gaziantep",
      "latitude": 37.071926,
      "longitude": 37.378059,
      "dutyStart": "2026-02-28T08:30:00.000Z",
      "dutyEnd": "2026-03-01T08:30:00.000Z"
    },
    {
      "id": "gaziantep-10",
      "name": "OSMANLI ECZANESİ",
      "address": "Güvenevler Mah. Osmanlı Parkı Via Life Konutları Civarı Şok Market Arkası",
      "phone": "03423214106",
      "district": "Şehi̇tkami̇l",
      "city": "Gaziantep",
      "latitude": 37.089706,
      "longitude": 37.333363,
      "dutyStart": "2026-02-28T08:30:00.000Z",
      "dutyEnd": "2026-03-01T08:30:00.000Z"
    },
    {
      "id": "gaziantep-11",
      "name": "ÖZBAYDAR ECZANESI",
      "address": "Fevzi Çakmak Bul. No:38/C(25 Aralık Devlet Hastanesi Acil Karşısı)",
      "phone": "03423365532",
      "district": "Şehi̇tkami̇l",
      "city": "Gaziantep",
      "latitude": 0,
      "longitude": 0,
      "dutyStart": "2026-02-28T08:30:00.000Z",
      "dutyEnd": "2026-03-01T08:30:00.000Z"
    },
    {
      "id": "gaziantep-12",
      "name": "DEVAM ECZANESİ",
      "address": "Bekirbey Mah. Hamdi Kutlar Cad. no:195 A/A (Deva Hastanesi Acil Karşısı)",
      "phone": "03422260913",
      "district": "Şehi̇tkami̇l",
      "city": "Gaziantep",
      "latitude": 37.064548,
      "longitude": 37.395176,
      "dutyStart": "2026-02-28T08:30:00.000Z",
      "dutyEnd": "2026-03-01T08:30:00.000Z"
    },
    {
      "id": "gaziantep-13",
      "name": "IŞIL ECZANESİ",
      "address": "Boyno mahallesi 07096 nolu cadde No:54/A (Karşıyaka ASM ve 8 Şubat Diş Hastanesi Karşısı)",
      "phone": "03423232884",
      "district": "Şehi̇tkami̇l",
      "city": "Gaziantep",
      "latitude": 37.086971,
      "longitude": 37.371281,
      "dutyStart": "2026-02-28T08:30:00.000Z",
      "dutyEnd": "2026-03-01T08:30:00.000Z"
    },
    {
      "id": "gaziantep-14",
      "name": "ÇAĞLAYAN ECZANESİ",
      "address": "Çağlayan Mahallesi 13002 Nolu Sokak No:5/A ([ Zeugma müzesi arkası Çağlayan ASM karşısı)",
      "phone": "05411652735",
      "district": "Şehi̇tkami̇l",
      "city": "Gaziantep",
      "latitude": 37.076508,
      "longitude": 37.390533,
      "dutyStart": "2026-02-28T08:30:00.000Z",
      "dutyEnd": "2026-03-01T08:30:00.000Z"
    },
    {
      "id": "gaziantep-15",
      "name": "AYDIN ECZANESİ",
      "address": "Fevzi Paşa Mahallesi Necip Mahmut Caddesi(Ali Alkan Okulu Üst Köşesi) No:68/A",
      "phone": "03425181309",
      "district": "Ni̇zi̇p",
      "city": "Gaziantep",
      "latitude": 37.06675232813354,
      "longitude": 37.38321304321289,
      "dutyStart": "2026-02-28T08:30:00.000Z",
      "dutyEnd": "2026-03-01T08:30:00.000Z"
    },
    {
      "id": "gaziantep-16",
      "name": "MEHMET DOĞRU ECZANESİ",
      "address": "Dumlupınar Mahallesi Gaziantep Caddesi No:25/B",
      "phone": "03426113178",
      "district": "Araban",
      "city": "Gaziantep",
      "latitude": 0,
      "longitude": 0,
      "dutyStart": "2026-02-28T08:30:00.000Z",
      "dutyEnd": "2026-03-01T08:30:00.000Z"
    },
    {
      "id": "gaziantep-17",
      "name": "Çiğdem Eczanesi",
      "address": "Subaşı Mahallesi Alparslan Türkeş Bulvarı No:2/A (Belediye Binası Karşısı)-OĞUZELİ",
      "phone": "5713100",
      "district": "Oğuzeli̇",
      "city": "Gaziantep",
      "latitude": 37.06675232813354,
      "longitude": 37.38321304321289,
      "dutyStart": "2026-02-28T08:30:00.000Z",
      "dutyEnd": "2026-03-01T08:30:00.000Z"
    },
    {
      "id": "gaziantep-18",
      "name": "DEMİR ECZANESİ",
      "address": "Çamlıca Mahallesi İsmet Paşa Sokak No:29/A (Merkez Sağlık Ocağı Yanı)",
      "phone": "05404112740",
      "district": "İslahi̇ye",
      "city": "Gaziantep",
      "latitude": 37.06675232813354,
      "longitude": 37.38321304321289,
      "dutyStart": "2026-02-28T08:30:00.000Z",
      "dutyEnd": "2026-03-01T08:30:00.000Z"
    },
    {
      "id": "gaziantep-19",
      "name": "ÖZLEM AKSU (NURDAĞI)",
      "address": "Fatih Mahallesi Barbaros Caddesi Dış Kapı No:2 İç Kapı No:1 NURDAĞI",
      "phone": "05053311998",
      "district": "Nurdaği",
      "city": "Gaziantep",
      "latitude": 37.06675232813354,
      "longitude": 37.38321304321289,
      "dutyStart": "2026-02-28T08:30:00.000Z",
      "dutyEnd": "2026-03-01T08:30:00.000Z"
    },
    {
      "id": "gaziantep-20",
      "name": "ÖZNUR ECZANESİ",
      "address": "Sultan Selim Mahallesi Hacı Sait Korkmaz Caddesi No:1/B/28",
      "phone": "03426412147",
      "district": "Yavuzeli̇",
      "city": "Gaziantep",
      "latitude": 37.06675232813354,
      "longitude": 37.38321304321289,
      "dutyStart": "2026-02-28T08:30:00.000Z",
      "dutyEnd": "2026-03-01T08:30:00.000Z"
    }
  ]
}