{
  "city": "antalya",
  "cityName": "Antalya",
  "cityId": 7,
  "date": "2026-02-15",
  "updatedAt": "2026-02-14T21:51:33.341Z",
  "count": 38,
  "pharmacies": [
    {
      "id": "antalya-0",
      "name": "ORUÇ ECZANESİ",
      "address": "",
      "phone": "02422376182",
      "district": "Muratpaşa",
      "city": "Antalya",
      "latitude": 36.89289920872836,
      "longitude": 30.68023093738237,
      "dutyHours": "14 Şub 08:00 → 15 Şub 08:00"
    },
    {
      "id": "antalya-1",
      "name": "ASPENDOS ECZANESİ",
      "address": "YILDIZ MAH. KAZIM KARABEKIR CAD. NO:66/A /MURATPASA / EGITIM ARASTIRMA HASTANESI VE DEFTERDARLIK KARSISI",
      "phone": "02422440698",
      "district": "Antalya",
      "city": "Antalya",
      "latitude": 36.8921588446,
      "longitude": 30.6916503088,
      "dutyHours": "14 Şub 08:00 → 15 Şub 08:00"
    },
    {
      "id": "antalya-2",
      "name": "BENGİ ECZANESİ",
      "address": "ALTINDAĞ MAH. 151 SK. TRT BİNASI KARŞI SOKAĞI 15 NOLU AİLE HEKİMLİĞİ YANI AYDIN KANZA PARKI ARKASI",
      "phone": "02423111727",
      "district": "Antalya",
      "city": "Antalya",
      "latitude": 36.895426738226895,
      "longitude": 30.72520532024646,
      "dutyHours": "14 Şub 08:00 → 15 Şub 08:00"
    },
    {
      "id": "antalya-3",
      "name": "KİRAZ ECZANESİ",
      "address": "KIZILTOPRAK MAH.ATİLA NİZAM SEMT POLİKLİNİĞİ KARŞISI.KARALAR DÜĞÜN SALONU GÜNEYİ.YAŞAM HAST.ACİL KARŞI SOKAĞI.",
      "phone": "02423122455",
      "district": "Antalya",
      "city": "Antalya",
      "latitude": 36.886204,
      "longitude": 30.727063,
      "dutyHours": "14 Şub 08:00 → 15 Şub 08:00"
    },
    {
      "id": "antalya-4",
      "name": "DOĞA ECZANESİ",
      "address": "ÇAYBAŞI MAH. DEĞİRMENÖNÜ CAD. 125A MURATPAŞA HACI DUDU MEHMET GEBİZLİ İMAM HATİP LİSESİ KARŞISI",
      "phone": "02423168538",
      "district": "Antalya",
      "city": "Antalya",
      "latitude": 36.86725104982666,
      "longitude": 30.735822439729112,
      "dutyHours": "14 Şub 08:00 → 15 Şub 08:00"
    },
    {
      "id": "antalya-5",
      "name": "ÖZDEMİR ECZANESİ",
      "address": "SIRINYALI MAH. SİNANOĞLU CAD. 1515 SK. NO:6A MURATPAŞA ANTALYA",
      "phone": "02423237114",
      "district": "Antalya",
      "city": "Antalya",
      "latitude": 36.8531876725,
      "longitude": 30.7582175557,
      "dutyHours": "14 Şub 08:00 → 15 Şub 08:00"
    },
    {
      "id": "antalya-6",
      "name": "YENİ ERMENEK ECZANESİ",
      "address": "FENER MH. BORSA SEMT POLIK. KARS. 1968 SK. NO:9/1 TERRACITY AVM ARKASI",
      "phone": "02425035772",
      "district": "Antalya",
      "city": "Antalya",
      "latitude": 36.87562773097577,
      "longitude": 30.829890367516324,
      "dutyHours": "14 Şub 08:00 → 15 Şub 08:00"
    },
    {
      "id": "antalya-7",
      "name": "KEPEZALTI ECZANESİ",
      "address": "ERMENEK MAH. BİRLİK SOKAK NO:68/B MURATPAŞA ANTALYA",
      "phone": "02423432206",
      "district": "Kepez",
      "city": "Antalya",
      "latitude": 36.91846667,
      "longitude": 30.67563333,
      "dutyHours": "14 Şub 08:00 → 15 Şub 08:00"
    },
    {
      "id": "antalya-8",
      "name": "FREZYA ECZANESİ",
      "address": "MİMAR SİNAN KONGRE MERKEZİ ÇAPRAZI ANTALYA TÜP BEBEK MERKEZI YANI SUISLERI YOLU(ORÜS KARS.)DOKUMA",
      "phone": "02423252559",
      "district": "Antalya",
      "city": "Antalya",
      "latitude": 36.9175268305,
      "longitude": 30.7086818554,
      "dutyHours": "14 Şub 08:00 → 15 Şub 08:00"
    },
    {
      "id": "antalya-9",
      "name": "ÇANKAYA ECZANESİ",
      "address": "EMEK MH. 2184 SK. SAKARYA BULVARI ŞEHİTLER PARKI TRAMVAY DURAĞI YAKINI .34.NOLU ASM KARŞISI",
      "phone": "02425045866",
      "district": "Antalya",
      "city": "Antalya",
      "latitude": 36.93617789879637,
      "longitude": 30.680129170372947,
      "dutyHours": "14 Şub 08:00 → 15 Şub 08:00"
    },
    {
      "id": "antalya-10",
      "name": "YEŞİLYAYLA ECZANESİ",
      "address": "ÇANKAYA MAH.BARIŞ MANÇO BULV.NO:170/B KEPEZ",
      "phone": "02423396260",
      "district": "Antalya",
      "city": "Antalya",
      "latitude": 36.9125413,
      "longitude": 30.643222,
      "dutyHours": "14 Şub 08:00 → 15 Şub 08:00"
    },
    {
      "id": "antalya-11",
      "name": "AYLA ECZANESİ",
      "address": "ŞAFAK MAH. 4256 SOK. NO:24/8 KEPEZ ELEGANT PLAZA ARKASI BİM KARŞISI ŞAFAK ASM YANI",
      "phone": "02422260287",
      "district": "Antalya",
      "city": "Antalya",
      "latitude": 36.8919827559,
      "longitude": 30.6261582358,
      "dutyHours": "14 Şub 08:00 → 15 Şub 08:00"
    },
    {
      "id": "antalya-12",
      "name": "KURTOĞLU ECZANESİ",
      "address": "UNCALI SEMT POLIKLINIGININ YAN TARAFI ÇEVIK KUVVET KARSISI",
      "phone": "02422290959",
      "district": "Antalya",
      "city": "Antalya",
      "latitude": 36.87668551272149,
      "longitude": 30.652182698249817,
      "dutyHours": "14 Şub 08:00 → 15 Şub 08:00"
    },
    {
      "id": "antalya-13",
      "name": "ÖZGÜ ECZANESİ",
      "address": "ARAPSUYU MAH. ARAPSUYU CAD. İL SAĞLIK MÜDÜRLÜĞÜNDEN SAHİLE DOĞRU ŞOK MARKET KARŞISI",
      "phone": "02424212280",
      "district": "Antalya",
      "city": "Antalya",
      "latitude": 37.02817566461992,
      "longitude": 30.59719204902649,
      "dutyHours": "14 Şub 08:00 → 15 Şub 08:00"
    },
    {
      "id": "antalya-14",
      "name": "GÜZELYURT ECZANESİ",
      "address": "YENİKÖY MAH.551 SOKAK.NO:11/13 DÖŞEMEALTI YENİKÖY STADININ YANI",
      "phone": "02424631045",
      "district": "Aksu",
      "city": "Antalya",
      "latitude": 36.936442166230925,
      "longitude": 30.81950694322586,
      "dutyHours": "14 Şub 08:00 → 15 Şub 08:00"
    },
    {
      "id": "antalya-15",
      "name": "NİSA ECZANESİ",
      "address": "GÜZELYURT MAH. SH. ER MUSTAFA GÖKTÜRK CAD. NO:16/A",
      "phone": "02425132526",
      "district": "Alanya",
      "city": "Antalya",
      "latitude": 36.54739840086216,
      "longitude": 31.99433594942093,
      "dutyHours": "14 Şub 08:00 → 15 Şub 08:00"
    },
    {
      "id": "antalya-16",
      "name": "BAŞAK ECZANESİ",
      "address": "SARAY MH. YUNUS EMRE CADNO:4/C . BAŞKENT ÜNV. HASTANESİ KARŞISI",
      "phone": "02425222072",
      "district": "Antalya",
      "city": "Antalya",
      "latitude": 36.5552874688,
      "longitude": 31.9901414311,
      "dutyHours": "14 Şub 08:00 → 15 Şub 08:00"
    },
    {
      "id": "antalya-17",
      "name": "LALE ECZANESİ",
      "address": "SARAY MH. STAD CD. ÖZEL ANADOLU HASTANESI KARSISI",
      "phone": "02425002816",
      "district": "Antalya",
      "city": "Antalya",
      "latitude": 36.54089059404464,
      "longitude": 31.99860541500288,
      "dutyHours": "14 Şub 08:00 → 15 Şub 08:00"
    },
    {
      "id": "antalya-18",
      "name": "ANADOLU ECZANESİ",
      "address": "CİKCİLLİ MAH. AZAKOĞLU CAD. NO: 12/A CİKCİLLİ SAĞLIK OCAĞI YANI ALANYUM AVM ÜSTÜ",
      "phone": "02425288188",
      "district": "Antalya",
      "city": "Antalya",
      "latitude": 36.47727531093414,
      "longitude": 32.10852689979706,
      "dutyHours": "14 Şub 08:00 → 15 Şub 08:00"
    },
    {
      "id": "antalya-19",
      "name": "NUMAN ECZANESİ",
      "address": "MAHMUTLAR MAH.BARBAROS CAD.NO:187 A/D ALANYA",
      "phone": "02425652001",
      "district": "Antalya",
      "city": "Antalya",
      "latitude": 36.59141503710927,
      "longitude": 31.85940237470163,
      "dutyHours": "14 Şub 08:00 → 15 Şub 08:00"
    },
    {
      "id": "antalya-20",
      "name": "BAYIR ECZANESİ",
      "address": "KONAKLI MAH. 19.SOKAK.NO:4/A ALANYA",
      "phone": "02427421199",
      "district": "Manavgat",
      "city": "Antalya",
      "latitude": 36.79049849094501,
      "longitude": 31.466281414031982,
      "dutyHours": "14 Şub 08:00 → 15 Şub 08:00"
    },
    {
      "id": "antalya-21",
      "name": "EYLÜL ECZANESİ",
      "address": "YAYLA MAH. BARBAROS CAD. NO:18/1 3 NOLU SAĞLIK OCAĞI MEVKİ(BAYIR)",
      "phone": "02427424110",
      "district": "Antalya",
      "city": "Antalya",
      "latitude": 36.786609,
      "longitude": 31.442149,
      "dutyHours": "14 Şub 08:00 → 15 Şub 08:00"
    },
    {
      "id": "antalya-22",
      "name": "BÜYÜKYANAR ECZANESİ",
      "address": "AŞAĞIHİSAR MAH.ORHANGAZİ CAD. NO:4/D MANAVGAT ANTALYA Denizbank Arkası, McDonals karşısı",
      "phone": "02426430102",
      "district": "Antalya",
      "city": "Antalya",
      "latitude": 0,
      "longitude": 0,
      "dutyHours": "14 Şub 08:00 → 15 Şub 08:00"
    },
    {
      "id": "antalya-23",
      "name": "DEMİRÖZ ECZANESİ",
      "address": "(DEVLET HASTANESİ KARŞISI).",
      "phone": "02426184834",
      "district": "Antalya",
      "city": "Antalya",
      "latitude": 36.73837328808137,
      "longitude": 29.918716610773117,
      "dutyHours": "14 Şub 08:00 → 15 Şub 08:00"
    },
    {
      "id": "antalya-24",
      "name": "KUMSAL ECZANESİ",
      "address": "GÜNDOGAN MAH. DEMIREL BULV. NO:105",
      "phone": "05065168913",
      "district": "Kaş",
      "city": "Antalya",
      "latitude": 36.199636,
      "longitude": 29.660008,
      "dutyHours": "14 Şub 08:00 → 15 Şub 08:00"
    },
    {
      "id": "antalya-25",
      "name": "DİCLE ECZANESİ",
      "address": "ANDİFLİ MAH. FEVZİ GÜRSOY SOK. NO:1A /1 KAŞ ANTALYA",
      "phone": "02428442050",
      "district": "Antalya",
      "city": "Antalya",
      "latitude": 36.27104915474865,
      "longitude": 29.41239595413208,
      "dutyHours": "14 Şub 08:00 → 15 Şub 08:00"
    },
    {
      "id": "antalya-26",
      "name": "KINIK ECZANESİ",
      "address": "KAŞ İLÇESİ KALKAN MAH. ŞEHİTLER CAD. NO:30/2 KAŞ",
      "phone": "02428454102",
      "district": "Antalya",
      "city": "Antalya",
      "latitude": 36.35216144470179,
      "longitude": 29.31785253887017,
      "dutyHours": "14 Şub 08:00 → 15 Şub 08:00"
    },
    {
      "id": "antalya-27",
      "name": "ÇETİNKAYA ECZANESİ",
      "address": "KINIK MAH. BELEDİYE MEYDANI NO:9/A /KAŞ",
      "phone": "02428715856",
      "district": "Antalya",
      "city": "Antalya",
      "latitude": 36.24479493,
      "longitude": 29.9871305212,
      "dutyHours": "14 Şub 08:00 → 15 Şub 08:00"
    },
    {
      "id": "antalya-28",
      "name": "DEMET ECZANESİ",
      "address": "GÖKYAZI MAH. NOEL BABA CAD.ÇNO:23/B DEMRE",
      "phone": "02428553606",
      "district": "Antalya",
      "city": "Antalya",
      "latitude": 36.30521735324553,
      "longitude": 30.14374852180481,
      "dutyHours": "14 Şub 08:00 → 15 Şub 08:00"
    },
    {
      "id": "antalya-29",
      "name": "YAZAR ECZANESİ",
      "address": "YENI MH. 520 SK. KARDELEN AP. 1/C",
      "phone": "02428521543",
      "district": "Antalya",
      "city": "Antalya",
      "latitude": 36.35115800026078,
      "longitude": 30.13111573875705,
      "dutyHours": "14 Şub 08:00 → 15 Şub 08:00"
    },
    {
      "id": "antalya-30",
      "name": "AVCI ECZANESİ",
      "address": "**(GECE SAAT 23.59'A KADAR AÇIK)**",
      "phone": "05530184688",
      "district": "Antalya",
      "city": "Antalya",
      "latitude": 36.33796232592061,
      "longitude": 30.214403496863937,
      "dutyHours": "14 Şub 08:00 → 15 Şub 08:00"
    },
    {
      "id": "antalya-31",
      "name": "ÖZLEM ECZANESİ",
      "address": "**(GECE SAAT 23.59'A KADAR AÇIK)**",
      "phone": "02428871506",
      "district": "Kumluca",
      "city": "Antalya",
      "latitude": 36.366744600137515,
      "longitude": 30.28728425502777,
      "dutyHours": "14 Şub 08:00 → 15 Şub 08:00"
    },
    {
      "id": "antalya-32",
      "name": "MESUT ECZANESİ",
      "address": "MERKEZ MAH. HALİL ÇIVGIN CAD. 5Z BELEDİYE BİNASI ALTI KUMLUCA",
      "phone": "02428144676",
      "district": "Kemer",
      "city": "Antalya",
      "latitude": 36.6150582997278,
      "longitude": 30.55024266242981,
      "dutyHours": "14 Şub 08:00 → 15 Şub 08:00"
    },
    {
      "id": "antalya-33",
      "name": "FARMA BELLA ECZANESİ",
      "address": "Yeni Devlet Hastanesi Yani ( Antalya-Mugla Karayolu üstü )",
      "phone": "",
      "district": "Antalya",
      "city": "Antalya",
      "latitude": 36.731977658150534,
      "longitude": 30.562957674264908,
      "dutyHours": "14 Şub 08:00 → 15 Şub 08:00"
    },
    {
      "id": "antalya-34",
      "name": "GÜÇLÜ ECZANESİ",
      "address": "BELDİBİ MAH. BAŞKOMUTAN ATATÜRK CAD.124/B KEMER ANTALYA",
      "phone": "02427223543",
      "district": "Antalya",
      "city": "Antalya",
      "latitude": 36.91584618473026,
      "longitude": 31.084389835596085,
      "dutyHours": "14 Şub 08:00 → 15 Şub 08:00"
    },
    {
      "id": "antalya-35",
      "name": "TUNA ECZANESİ",
      "address": "ORTA MAH. ATATÜRK CAD. NO:195/B SERİK ANTALYA",
      "phone": "02427151001",
      "district": "Antalya",
      "city": "Antalya",
      "latitude": 36.27021046051974,
      "longitude": 32.30931413904285,
      "dutyHours": "14 Şub 08:00 → 15 Şub 08:00"
    },
    {
      "id": "antalya-36",
      "name": "MERKEZ ECZANESİ",
      "address": "CUMHUİYET MAH. HASTANE CAD.GAZİPAŞA",
      "phone": "02426781184",
      "district": "Akseki",
      "city": "Antalya",
      "latitude": 37.046704329412094,
      "longitude": 31.789321303367615,
      "dutyHours": "14 Şub 08:00 → 15 Şub 08:00"
    },
    {
      "id": "antalya-37",
      "name": "0 242 311 03 29",
      "address": "ÖMER DURAK CAD. NO:42/7",
      "phone": "02423110329",
      "district": "Antalya",
      "city": "Antalya",
      "latitude": 36.876696,
      "longitude": 30.735134,
      "dutyHours": "14 Şub 08:00 → 15 Şub 08:00"
    }
  ]
}