{
  "city": "ankara",
  "cityName": "Ankara",
  "cityId": 6,
  "date": "2026-02-20",
  "updatedAt": "2026-02-20T18:30:32.873Z",
  "count": 61,
  "pharmacies": [
    {
      "id": "ankara-0",
      "name": "SENA ECZANESİ",
      "address": "Balgat Mah. Ziyabey Cad. No:14/A Çankaya/ ANKARA , (Sayıştay arkası) 03125027362",
      "phone": "03125027362",
      "district": "Çankaya",
      "city": "Ankara",
      "latitude": 39.911234008924,
      "longitude": 32.820546436706,
      "dutyStart": "2026-02-20T08:30:00.000Z",
      "dutyEnd": "2026-02-21T08:30:00.000Z"
    },
    {
      "id": "ankara-1",
      "name": "HASBAHÇEM ECZANESİ",
      "address": "Bahçelievler Mah. Taşkent Cad. (1. Cad.) No:3/A (14-15) Çankaya/ ANKARA , Beşevler Metrosu Yanı 03122220307",
      "phone": "03122220307",
      "district": "Çankaya",
      "city": "Ankara",
      "latitude": 39.932104801836,
      "longitude": 32.828575494577,
      "dutyStart": "2026-02-20T08:30:00.000Z",
      "dutyEnd": "2026-02-21T08:30:00.000Z"
    },
    {
      "id": "ankara-2",
      "name": "ERK ECZANESİ",
      "address": "Yeşilevler Mah. İvedik Cad. No:420/D Yenimahalle/ ANKARA , 03123356505",
      "phone": "03123356505",
      "district": "Yenimahalle",
      "city": "Ankara",
      "latitude": 39.973379205133,
      "longitude": 32.782806158066,
      "dutyStart": "2026-02-20T08:30:00.000Z",
      "dutyEnd": "2026-02-21T08:30:00.000Z"
    },
    {
      "id": "ankara-3",
      "name": "ÇAMLIDERE ECZANESİ",
      "address": "Pamuklar Mah. Kızılcahamam Cd No:80/A Şentepe/ Yenimahalle/ ANKARA , Eski Televizyon cad. 03123159100",
      "phone": "03123159100",
      "district": "Yenimahalle",
      "city": "Ankara",
      "latitude": 39.981323220513,
      "longitude": 32.805540561676,
      "dutyStart": "2026-02-20T08:30:00.000Z",
      "dutyEnd": "2026-02-21T08:30:00.000Z"
    },
    {
      "id": "ankara-4",
      "name": "YAŞAR ECZANESİ",
      "address": "Misket Mah. 620/2 Sokak No:2/B Mamak/ ANKARA , Onur Uğurlu Aile Sağ.Merk.Karşısı 05434030889",
      "phone": "05434030889",
      "district": "Mamak",
      "city": "Ankara",
      "latitude": 39.9225125559,
      "longitude": 32.91399769485,
      "dutyStart": "2026-02-20T08:30:00.000Z",
      "dutyEnd": "2026-02-21T08:30:00.000Z"
    },
    {
      "id": "ankara-5",
      "name": "BÜŞRA ECZANESİ",
      "address": "Kutlu Mah. Dereboyu Cad. No:55/C Mamak/ANKARA , Total Benzinlik Yanı 03123645401",
      "phone": "03123645401",
      "district": "Mamak",
      "city": "Ankara",
      "latitude": 39.91645847515,
      "longitude": 32.899437323213,
      "dutyStart": "2026-02-20T08:30:00.000Z",
      "dutyEnd": "2026-02-21T08:30:00.000Z"
    },
    {
      "id": "ankara-6",
      "name": "BESTEKAR ECZANESİ",
      "address": "Remzi Oğuz Arık Mah. Bestekar Cad.No:96/A Çankaya/ANKARA , 03124661965",
      "phone": "03124661965",
      "district": "Çankaya",
      "city": "Ankara",
      "latitude": 39.905824996183,
      "longitude": 32.860189230887,
      "dutyStart": "2026-02-20T08:30:00.000Z",
      "dutyEnd": "2026-02-21T08:30:00.000Z"
    },
    {
      "id": "ankara-7",
      "name": "REZZAN ECZANESİ",
      "address": "Kazım Özalp Mah. Kuleli Cad. No:89/B Gaziosmanpaşa/ Çankaya/ ANKARA , 05347729791",
      "phone": "05347729791",
      "district": "Çankaya",
      "city": "Ankara",
      "latitude": 39.891793314634,
      "longitude": 32.871673107147,
      "dutyStart": "2026-02-20T08:30:00.000Z",
      "dutyEnd": "2026-02-21T08:30:00.000Z"
    },
    {
      "id": "ankara-8",
      "name": "ANIT ECZANESİ",
      "address": "Gençlik Cad. No.125/B Anıttepe/Çankaya / ANKARA , 03122306048",
      "phone": "03122306048",
      "district": "Çankaya",
      "city": "Ankara",
      "latitude": 39.921536492426,
      "longitude": 32.844035625458,
      "dutyStart": "2026-02-20T08:30:00.000Z",
      "dutyEnd": "2026-02-21T08:30:00.000Z"
    },
    {
      "id": "ankara-9",
      "name": "ASİL ECZANESİ",
      "address": "Fakülteler Mah. Cemal Gürsel Cad. No:81/C-A Çankaya/ANKARA , Cebeci Ziraat Bankası Yanı 03125620202",
      "phone": "03125620202",
      "district": "Çankaya",
      "city": "Ankara",
      "latitude": 39.931148414353,
      "longitude": 32.875230205259,
      "dutyStart": "2026-02-20T08:30:00.000Z",
      "dutyEnd": "2026-02-21T08:30:00.000Z"
    },
    {
      "id": "ankara-10",
      "name": "YENİ BARIŞ ECZANESİ",
      "address": "Gn.Tevfik Sağlam Cad. Şehit Veli Kara Sok. Barış Sitesi C2 Blk. No:16/A Etlik /Keçiören/ ANKARA , Etlik Nişantaşı Pazarı Karşısı 03123226686",
      "phone": "03123226686",
      "district": "Keçiören",
      "city": "Ankara",
      "latitude": 39.982587189543,
      "longitude": 32.838156223297,
      "dutyStart": "2026-02-20T08:30:00.000Z",
      "dutyEnd": "2026-02-21T08:30:00.000Z"
    },
    {
      "id": "ankara-11",
      "name": "LÜTUF ECZANESİ",
      "address": "Ayvalı Mah. 159. Cad. No:15/A Keçiören , Antares- Kardesler Semt Pazarı Kar. 03123434348",
      "phone": "03123434348",
      "district": "Ankara",
      "city": "Ankara",
      "latitude": 39.973041589716,
      "longitude": 32.815618962049,
      "dutyStart": "2026-02-20T08:30:00.000Z",
      "dutyEnd": "2026-02-21T08:30:00.000Z"
    },
    {
      "id": "ankara-12",
      "name": "ULYA ECZANESİ",
      "address": "Güneşevler Mah. Türkmen Cad. No:2B/39 Altındağ/ ANKARA , Nişantaşı Pazarı yanı 03123475701",
      "phone": "03123475701",
      "district": "Altındağ",
      "city": "Ankara",
      "latitude": 39.971820096564,
      "longitude": 32.892743504563,
      "dutyStart": "2026-02-20T08:30:00.000Z",
      "dutyEnd": "2026-02-21T08:30:00.000Z"
    },
    {
      "id": "ankara-13",
      "name": "KÜBRA AKCAN ECZANESİ",
      "address": "Kuşcağız Mah. 388.Sokak No:16/A Keçiören/ ANKARA , 03125438575",
      "phone": "03125438575",
      "district": "Keçiören",
      "city": "Ankara",
      "latitude": 39.996432798667,
      "longitude": 32.845582191367,
      "dutyStart": "2026-02-20T08:30:00.000Z",
      "dutyEnd": "2026-02-21T08:30:00.000Z"
    },
    {
      "id": "ankara-14",
      "name": "GÜLÜMSE ECZANESİ",
      "address": "Kızlarpınarı Cad.Baykara Sok. No:3 Keçiören/ ANKARA , YENİ YOL Taksi Durağı-ŞOSE 03123807064",
      "phone": "03123807064",
      "district": "Keçiören",
      "city": "Ankara",
      "latitude": 39.993972132957,
      "longitude": 32.873969078064,
      "dutyStart": "2026-02-20T08:30:00.000Z",
      "dutyEnd": "2026-02-21T08:30:00.000Z"
    },
    {
      "id": "ankara-15",
      "name": "ATAKAN ECZANESİ",
      "address": "Aşağı Öveçler Mh.1333.Cad. No:5 Çankaya/ANKARA , Ankara Cerrahi Tıp Merkezi yanı 03124784182",
      "phone": "03124784182",
      "district": "Çankaya",
      "city": "Ankara",
      "latitude": 39.892087599952,
      "longitude": 32.825816096665,
      "dutyStart": "2026-02-20T08:30:00.000Z",
      "dutyEnd": "2026-02-21T08:30:00.000Z"
    },
    {
      "id": "ankara-16",
      "name": "AKSOY ECZANESİ",
      "address": "Dikmen Cad. No:306/B Dikmen / Çankaya/ ANKARA , 29 Mayıs Hastanesi yanı 03124821114",
      "phone": "03124821114",
      "district": "Çankaya",
      "city": "Ankara",
      "latitude": 39.876077055279,
      "longitude": 32.835291624069,
      "dutyStart": "2026-02-20T08:30:00.000Z",
      "dutyEnd": "2026-02-21T08:30:00.000Z"
    },
    {
      "id": "ankara-17",
      "name": "SEREN ECZANESİ",
      "address": "Turan Güneş Bulvarı No:140/A Oran /Çankaya/ ANKARA , 03124900263",
      "phone": "03124900263",
      "district": "Çankaya",
      "city": "Ankara",
      "latitude": 39.850490296883,
      "longitude": 32.845805883408,
      "dutyStart": "2026-02-20T08:30:00.000Z",
      "dutyEnd": "2026-02-21T08:30:00.000Z"
    },
    {
      "id": "ankara-18",
      "name": "ÇORUMLU ECZANESİ",
      "address": "Başak Mah. Özalp Cad. No:51/A Mamak/ANKARA , Yonca Market yanı 03123770619",
      "phone": "03123770619",
      "district": "Mamak",
      "city": "Ankara",
      "latitude": 39.964803153959,
      "longitude": 32.956473827362,
      "dutyStart": "2026-02-20T08:30:00.000Z",
      "dutyEnd": "2026-02-21T08:30:00.000Z"
    },
    {
      "id": "ankara-19",
      "name": "KIZILAY FIRAT ECZANESİ",
      "address": "Meşrutiyet Mah.Meşrutiyet Cad.Ergene Apt.No:20/D Çankaya/ANKARA , 03123859585",
      "phone": "03123859585",
      "district": "Çankaya",
      "city": "Ankara",
      "latitude": 39.917909559328,
      "longitude": 32.857198822403,
      "dutyStart": "2026-02-20T08:30:00.000Z",
      "dutyEnd": "2026-02-21T08:30:00.000Z"
    },
    {
      "id": "ankara-20",
      "name": "DOĞAN ECZANESİ",
      "address": "Fevzi Çakmak Mahallesi Kazım Karabekir Caddesi No:57/A Yenikent/ Sincan ANKARA , Perşembe Pazarı yukarısı 03125577106",
      "phone": "03125577106",
      "district": "Ankara",
      "city": "Ankara",
      "latitude": 40.013946683286,
      "longitude": 32.508920431137,
      "dutyStart": "2026-02-20T08:30:00.000Z",
      "dutyEnd": "2026-02-21T08:30:00.000Z"
    },
    {
      "id": "ankara-21",
      "name": "KAYIRAN ECZANESİ",
      "address": "Camiatik Mah. Cumhuriyet Meydanı No:30/31 Ayaş / ANKARA , 03127121084",
      "phone": "03127121084",
      "district": "Ayaş",
      "city": "Ankara",
      "latitude": 40.019201307687,
      "longitude": 32.330703735352,
      "dutyStart": "2026-02-20T08:30:00.000Z",
      "dutyEnd": "2026-02-21T08:30:00.000Z"
    },
    {
      "id": "ankara-22",
      "name": "ALKAN ECZANESİ",
      "address": "Akşemsettin Mah. Figen Sok. No:35/A-B Sincan/ANKARA , Bayrak ASM karşısı 03122683060",
      "phone": "03122683060",
      "district": "Sincan",
      "city": "Ankara",
      "latitude": 39.970723457697,
      "longitude": 32.59315520525,
      "dutyStart": "2026-02-20T08:30:00.000Z",
      "dutyEnd": "2026-02-21T08:30:00.000Z"
    },
    {
      "id": "ankara-23",
      "name": "ÇAĞRI ECZANESİ",
      "address": "Tandoğan Mah. Battalgazi Sok. No:15/7 Sincan/ANKARA , Cimşit Mezarlığı-Göçmen Blk.yakını 03125046666",
      "phone": "03125046666",
      "district": "Sincan",
      "city": "Ankara",
      "latitude": 39.957404109259,
      "longitude": 32.556221187115,
      "dutyStart": "2026-02-20T08:30:00.000Z",
      "dutyEnd": "2026-02-21T08:30:00.000Z"
    },
    {
      "id": "ankara-24",
      "name": "GÜNEŞ ECZANESİ",
      "address": "Yıldırım Mah. Kızık Cad. No:44/A Akyurt , 4 Nolu ASM Yanı 03128440679",
      "phone": "03128440679",
      "district": "Ankara",
      "city": "Ankara",
      "latitude": 40.127914774071,
      "longitude": 33.094535171986,
      "dutyStart": "2026-02-20T08:30:00.000Z",
      "dutyEnd": "2026-02-21T08:30:00.000Z"
    },
    {
      "id": "ankara-25",
      "name": "DİLEK SU ECZANESİ",
      "address": "Hacıkara Mah.Mevlevi Sok. No:7/B Beypazarı/ ANKARA , 2Nolu Sağlık Ocağı civarı 03127631212",
      "phone": "03127631212",
      "district": "Beypazarı",
      "city": "Ankara",
      "latitude": 40.166281254207,
      "longitude": 31.920776367188,
      "dutyStart": "2026-02-20T08:30:00.000Z",
      "dutyEnd": "2026-02-21T08:30:00.000Z"
    },
    {
      "id": "ankara-26",
      "name": "UĞURLU ECZANESİ",
      "address": "ELVANKENT/Oğuzlar Mah. 1597. Sok. Eray Çarşısı No:9/17-18 Elvankent/Etimesgut/ANKARA , 03122609995",
      "phone": "03122609995",
      "district": "Etimesgut",
      "city": "Ankara",
      "latitude": 39.943255499207,
      "longitude": 32.611799240112,
      "dutyStart": "2026-02-20T08:30:00.000Z",
      "dutyEnd": "2026-02-21T08:30:00.000Z"
    },
    {
      "id": "ankara-27",
      "name": "ANKARA AYYILDIZ ECZANESİ",
      "address": "İstasyon Mah.Leylak Cad.Alan Sok.No:1 Etimesgut/ ANKARA , Eski Polis Karakolu üst sokağı 03122456145",
      "phone": "03122456145",
      "district": "Etimesgut",
      "city": "Ankara",
      "latitude": 39.947057673096,
      "longitude": 32.667887583375,
      "dutyStart": "2026-02-20T08:30:00.000Z",
      "dutyEnd": "2026-02-21T08:30:00.000Z"
    },
    {
      "id": "ankara-28",
      "name": "AJDA ECZANESİ",
      "address": "Bağlıca Mah. Mermeroğlu Cad.No::45B/1 Etimesgut/ANKARA , Çağdaş Market yanı 03125029992",
      "phone": "03125029992",
      "district": "Etimesgut",
      "city": "Ankara",
      "latitude": 39.890747871263,
      "longitude": 32.640922665596,
      "dutyStart": "2026-02-20T08:30:00.000Z",
      "dutyEnd": "2026-02-21T08:30:00.000Z"
    },
    {
      "id": "ankara-29",
      "name": "AYŞEGÜL ECZANESİ",
      "address": "Cumhuriyet Mah. 5609 Cad. No:2B/8 Yenimahalle ANKARA , İstanbul Yolu Sağ taraf Yazanlar Sitesi Altı 05419208292",
      "phone": "05419208292",
      "district": "Ankara",
      "city": "Ankara",
      "latitude": 39.99634752447,
      "longitude": 32.656734287739,
      "dutyStart": "2026-02-20T08:30:00.000Z",
      "dutyEnd": "2026-02-21T08:30:00.000Z"
    },
    {
      "id": "ankara-30",
      "name": "SANTE PARK ECZANESİ",
      "address": "Seğmenler Mah. Cumhuriyet Cad. 3263. Sok. No:2/G Gölbaşı , 03125432829",
      "phone": "03125432829",
      "district": "Ankara",
      "city": "Ankara",
      "latitude": 39.791147840413,
      "longitude": 32.827524973545,
      "dutyStart": "2026-02-20T08:30:00.000Z",
      "dutyEnd": "2026-02-21T08:30:00.000Z"
    },
    {
      "id": "ankara-31",
      "name": "HAZAL ECZANESİ",
      "address": "Kayabaşı Mah. Gazeteci Selahattin Duman Cad. No:2/D Haymana/ANKARA , Merkez PTT yanı 05515023454",
      "phone": "05515023454",
      "district": "Haymana",
      "city": "Ankara",
      "latitude": 39.710529406163,
      "longitude": 32.714506387711,
      "dutyStart": "2026-02-20T08:30:00.000Z",
      "dutyEnd": "2026-02-21T08:30:00.000Z"
    },
    {
      "id": "ankara-32",
      "name": "ŞİRİN ECZANESİ",
      "address": "Atatürk Mah. G.M.K. Cad. No:16/A-B Kahramankazan/ ANKARA , Şehit Samet Cantürk ASM Karşısı 03128143790",
      "phone": "03128143790",
      "district": "Kahramankazan",
      "city": "Ankara",
      "latitude": 40.203866056425,
      "longitude": 32.679107812437,
      "dutyStart": "2026-02-20T08:30:00.000Z",
      "dutyEnd": "2026-02-21T08:30:00.000Z"
    },
    {
      "id": "ankara-33",
      "name": "SERENAY ECZANESİ",
      "address": "Akçay Mah. Cengiztopel Cad. No:35/C Kızılcahamam/ ANKARA , Stad Karşısı-Başgimpa yanı 03127366888",
      "phone": "03127366888",
      "district": "Kızılcahamam",
      "city": "Ankara",
      "latitude": 40.473941852389,
      "longitude": 32.649907059968,
      "dutyStart": "2026-02-20T08:30:00.000Z",
      "dutyEnd": "2026-02-21T08:30:00.000Z"
    },
    {
      "id": "ankara-34",
      "name": "ZEYNEP ULUCAN ECZANESİ",
      "address": "Karşıyaka Mah. Cumhuriyet Cad. No:3 Lalahan/ ANKARA (Sağlık Ocağı yanı) , “ÖZEL NÖBET BÖLGESİ. LÜTFEN ECZANEYİ TELEFON İLE ARAYİNİZ.\" 05010793360",
      "phone": "05010793360",
      "district": "Lalahan",
      "city": "Ankara",
      "latitude": 39.964030187577,
      "longitude": 33.107439279556,
      "dutyStart": "2026-02-20T08:30:00.000Z",
      "dutyEnd": "2026-02-21T08:30:00.000Z"
    },
    {
      "id": "ankara-35",
      "name": "MURAT ECZANESİ",
      "address": "Nasuhpaşa Mah. Mah. Bursa Cad. Olukbaşı Sok. No:1/A Nallıhan / ANKARA , 03127854679",
      "phone": "03127854679",
      "district": "Nallıhan",
      "city": "Ankara",
      "latitude": 0,
      "longitude": 0,
      "dutyStart": "2026-02-20T08:30:00.000Z",
      "dutyEnd": "2026-02-21T08:30:00.000Z"
    },
    {
      "id": "ankara-36",
      "name": "DEVECİ ECZANESİ",
      "address": "İstiklal Mah. Muhsin Yazıcıoğlu Cad. No:13/52 Polatlı/ANKARA , Duatepe Devlet Hastanesi Acil Karşısı 03125028097",
      "phone": "03125028097",
      "district": "Polatlı",
      "city": "Ankara",
      "latitude": 39.587603874107,
      "longitude": 32.168050318032,
      "dutyStart": "2026-02-20T08:30:00.000Z",
      "dutyEnd": "2026-02-21T08:30:00.000Z"
    },
    {
      "id": "ankara-37",
      "name": "GÜRKAN ECZANESİ",
      "address": "Mimar Sinan Mah. Çağatay Cad. No:41K / (Meydan Plaza altı) Pursaklar/ANKARA , Pursaklar Devlet Hastanesi yanı 03125145888",
      "phone": "03125145888",
      "district": "Pursaklar",
      "city": "Ankara",
      "latitude": 40.048370156507,
      "longitude": 32.894153519446,
      "dutyStart": "2026-02-20T08:30:00.000Z",
      "dutyEnd": "2026-02-21T08:30:00.000Z"
    },
    {
      "id": "ankara-38",
      "name": "ERDAL ECZANESİ",
      "address": "Alaaddin Mah. Cumhuriyet Cad. 60.Sok.No:3/A Yahşihan/KIRIKKALE , Yahşihan Belediye Binası 500 Metre ilerisi 03183573423",
      "phone": "03183573423",
      "district": "Ankara",
      "city": "Ankara",
      "latitude": 39.845300959048,
      "longitude": 33.452929258347,
      "dutyStart": "2026-02-20T08:30:00.000Z",
      "dutyEnd": "2026-02-21T08:30:00.000Z"
    },
    {
      "id": "ankara-39",
      "name": "MELEK ECZANESİ",
      "address": "Tuzla Mah. Aziz Mahmut Hüdai Bul , Yeni Pazaryeri Karşısı 03126880107",
      "phone": "03126880107",
      "district": "Ankara",
      "city": "Ankara",
      "latitude": 0,
      "longitude": 0,
      "dutyStart": "2026-02-20T08:30:00.000Z",
      "dutyEnd": "2026-02-21T08:30:00.000Z"
    },
    {
      "id": "ankara-40",
      "name": "METİN ECZANESİ",
      "address": "Kurtuluş Mah.İnönü Cad.No:1/C Karakeçili/ KIRIKKALE , 03184743033",
      "phone": "03184743033",
      "district": "Ankara",
      "city": "Ankara",
      "latitude": 39.598744363923,
      "longitude": 33.379865884781,
      "dutyStart": "2026-02-20T08:30:00.000Z",
      "dutyEnd": "2026-02-21T08:30:00.000Z"
    },
    {
      "id": "ankara-41",
      "name": "YENİ AYŞEM ECZANESİ",
      "address": "Halit Cevri Aslangil Mah.20. Sok.No:14/C Kalecik/ANKARA , 03128570859",
      "phone": "03128570859",
      "district": "Kalecik",
      "city": "Ankara",
      "latitude": 40.097114480436,
      "longitude": 33.408908843994,
      "dutyStart": "2026-02-20T08:30:00.000Z",
      "dutyEnd": "2026-02-21T08:30:00.000Z"
    },
    {
      "id": "ankara-42",
      "name": "TUBA ECZANESİ",
      "address": "Yaylacık Mah. 368.Sok. No:3/A-B Merkez/ KIRIKKALE , Yaylacık Sağlık Ocağı Yanı 03185001000",
      "phone": "03185001000",
      "district": "Ankara",
      "city": "Ankara",
      "latitude": 39.842575369951,
      "longitude": 33.498334743235,
      "dutyStart": "2026-02-20T08:30:00.000Z",
      "dutyEnd": "2026-02-21T08:30:00.000Z"
    },
    {
      "id": "ankara-43",
      "name": "SAMİ ECZANESİ",
      "address": "Yenidoğan Mah. Zafer Cad. No:56/I Merkez/ KIRIKKALE , Kızılkanat İş Merk.Girişi Kapısı altı 03182021313",
      "phone": "03182021313",
      "district": "Ankara",
      "city": "Ankara",
      "latitude": 39.843941781938,
      "longitude": 33.50582242012,
      "dutyStart": "2026-02-20T08:30:00.000Z",
      "dutyEnd": "2026-02-21T08:30:00.000Z"
    },
    {
      "id": "ankara-44",
      "name": "MERT YAŞAM ECZANESİ",
      "address": "Alacaatlı Mah. Park Cad. No:65/7 Çankaya/ANKARA , Kln Sitesi karşısı 03122172804",
      "phone": "03122172804",
      "district": "Çankaya",
      "city": "Ankara",
      "latitude": 39.858394016588,
      "longitude": 32.65267342329,
      "dutyStart": "2026-02-20T08:30:00.000Z",
      "dutyEnd": "2026-02-21T08:30:00.000Z"
    },
    {
      "id": "ankara-45",
      "name": "ERGUVAN ECZANESİ",
      "address": "Mutlukent Mh.1920.Cd.No:81/A Çankaya/ANKARA , Ümitköy Opet Mevki 03122358486",
      "phone": "03122358486",
      "district": "Çankaya",
      "city": "Ankara",
      "latitude": 39.889117935617,
      "longitude": 32.703385949135,
      "dutyStart": "2026-02-20T08:30:00.000Z",
      "dutyEnd": "2026-02-21T08:30:00.000Z"
    },
    {
      "id": "ankara-46",
      "name": "REYHAN ECZANESİ",
      "address": "Barbaros Mah.Karagöl Cad.N:2/D Çubuk/Ankara , 03128375787",
      "phone": "03128375787",
      "district": "Çubuk",
      "city": "Ankara",
      "latitude": 40.240488218071,
      "longitude": 33.03279876709,
      "dutyStart": "2026-02-20T08:30:00.000Z",
      "dutyEnd": "2026-02-21T08:30:00.000Z"
    },
    {
      "id": "ankara-47",
      "name": "PARLA ECZANESİ",
      "address": "Mustafa Kemal Mah. 2127. Cad. No: 21D-47 Vega Center , 03124959593",
      "phone": "03124959593",
      "district": "Ankara",
      "city": "Ankara",
      "latitude": 39.913999044829,
      "longitude": 32.767182968228,
      "dutyStart": "2026-02-20T08:30:00.000Z",
      "dutyEnd": "2026-02-21T08:30:00.000Z"
    },
    {
      "id": "ankara-48",
      "name": "DELİCE ECZANESİ",
      "address": "Cumhuriyet Mah. Atatürk Bulvarı No:6/C Delice/ KIRIKKALE , 03186185609",
      "phone": "03186185609",
      "district": "Ankara",
      "city": "Ankara",
      "latitude": 0,
      "longitude": 0,
      "dutyStart": "2026-02-20T08:30:00.000Z",
      "dutyEnd": "2026-02-21T08:30:00.000Z"
    },
    {
      "id": "ankara-49",
      "name": "ARINMIŞ ECZANESİ",
      "address": "Yukarı Mah. Leblebici Sok.No:19 Güdül/ ANKARA , 05301178589",
      "phone": "05301178589",
      "district": "Güdül",
      "city": "Ankara",
      "latitude": 40.210531690119,
      "longitude": 32.242609262466,
      "dutyStart": "2026-02-20T08:30:00.000Z",
      "dutyEnd": "2026-02-21T08:30:00.000Z"
    },
    {
      "id": "ankara-50",
      "name": "BÜŞRA YALÇIN ECZANESİ",
      "address": "Kartaltepe Mah.Alparslan Türkeş Bulvarı No:38/D Bala/ANKARA , 03128190908",
      "phone": "03128190908",
      "district": "Bala",
      "city": "Ankara",
      "latitude": 39.549876195051,
      "longitude": 33.124688901007,
      "dutyStart": "2026-02-20T08:30:00.000Z",
      "dutyEnd": "2026-02-21T08:30:00.000Z"
    },
    {
      "id": "ankara-51",
      "name": "YILMAZ ECZANESİ",
      "address": "Menderes Bulvarı Sağlık 1. Sok. No:2 Hasanoğlan /Elmadağ/ ANKARA (2.Tel:3128661233) , 03128663771",
      "phone": "03128663771",
      "district": "Elmadağ",
      "city": "Ankara",
      "latitude": 39.998689957679,
      "longitude": 33.180084228516,
      "dutyStart": "2026-02-20T08:30:00.000Z",
      "dutyEnd": "2026-02-21T08:30:00.000Z"
    },
    {
      "id": "ankara-52",
      "name": "KESKİN MERKEZ ECZANESİ",
      "address": "Yenice Mah. Prof. Dr. Beşir Atalay Cad. No:18/A Keskin/Kırıkkale , 03185152023",
      "phone": "03185152023",
      "district": "Ankara",
      "city": "Ankara",
      "latitude": 39.67366974166,
      "longitude": 33.615289656445,
      "dutyStart": "2026-02-20T08:30:00.000Z",
      "dutyEnd": "2026-02-21T08:30:00.000Z"
    },
    {
      "id": "ankara-53",
      "name": "ALTINTAŞ ECZANESİ",
      "address": "TEMELLİ-Cumhuriyet Mah. Hürriyet Cad. No:18/18 Temelli/ Sincan/ANKARA , Kasap Ali Yanı 05362810884",
      "phone": "05362810884",
      "district": "Sincan",
      "city": "Ankara",
      "latitude": 39.726681681766,
      "longitude": 32.354539185762,
      "dutyStart": "2026-02-20T08:30:00.000Z",
      "dutyEnd": "2026-02-21T08:30:00.000Z"
    },
    {
      "id": "ankara-54",
      "name": "FEYZA ECZANESİ",
      "address": "BALIŞEYH _Yeni Mahalle Samsun Cad. No:21/A Balışeyh / KIRIKKALE (Tel:05060258662) , PTT ve Belediye yanı, Merkez 03187137277",
      "phone": "03187137277",
      "district": "Ankara",
      "city": "Ankara",
      "latitude": 39.909849391713,
      "longitude": 33.717153034522,
      "dutyStart": "2026-02-20T08:30:00.000Z",
      "dutyEnd": "2026-02-21T08:30:00.000Z"
    },
    {
      "id": "ankara-55",
      "name": "BARIŞ ECZANESİ",
      "address": "Kemal Paşa Mah. Soğukpınar Sok No:6 Elmadağ / ANKARA , 03128630090",
      "phone": "03128630090",
      "district": "Elmadağ",
      "city": "Ankara",
      "latitude": 39.917619756386,
      "longitude": 33.231271505356,
      "dutyStart": "2026-02-20T08:30:00.000Z",
      "dutyEnd": "2026-02-21T08:30:00.000Z"
    },
    {
      "id": "ankara-56",
      "name": "EMEL ECZANESİ",
      "address": "İnönü Mah. 1714.Sok. No:105/19 Adalet Çarşısı Batıkent /Yenimahalle/ ANKARA , 03122511736",
      "phone": "03122511736",
      "district": "Yenimahalle",
      "city": "Ankara",
      "latitude": 39.950444288231,
      "longitude": 32.727885246277,
      "dutyStart": "2026-02-20T08:30:00.000Z",
      "dutyEnd": "2026-02-21T08:30:00.000Z"
    },
    {
      "id": "ankara-57",
      "name": "IHLAMUR ECZANESİ",
      "address": "Turgut Özal M. Ş.Kaymakam Muhammed Fatih Safitürk Blv N.102E Çakırlar/ Batıkent/ ANKARA , Büyük Göbek Yunus Market yanı 03125666554",
      "phone": "03125666554",
      "district": "Batıkent",
      "city": "Ankara",
      "latitude": 39.98757706979,
      "longitude": 32.694014310837,
      "dutyStart": "2026-02-20T08:30:00.000Z",
      "dutyEnd": "2026-02-21T08:30:00.000Z"
    },
    {
      "id": "ankara-58",
      "name": "TAHA ECZANESİ",
      "address": "Gökçek Mah.250. Cadde No:11/H-88 Sincan/ANKARA , Sincan Eğt.Arş.Hast.karşı çapraz sırası 05518549473",
      "phone": "05518549473",
      "district": "Sincan",
      "city": "Ankara",
      "latitude": 39.983982666404,
      "longitude": 32.570809337558,
      "dutyStart": "2026-02-20T08:30:00.000Z",
      "dutyEnd": "2026-02-21T08:30:00.000Z"
    },
    {
      "id": "ankara-59",
      "name": "MERVE ÇİÇEKLİ ECZANESİ",
      "address": "Ş. Osman Avcı Mah. Malazgirt 1071. Cad. No:10D/H Eryaman/Etimesgut/ ANKARA , Tüv Türk İlerisi Bosphourus Sit. Altı 05369066367",
      "phone": "05369066367",
      "district": "Etimesgut",
      "city": "Ankara",
      "latitude": 39.973354539223,
      "longitude": 32.656576037407,
      "dutyStart": "2026-02-20T08:30:00.000Z",
      "dutyEnd": "2026-02-21T08:30:00.000Z"
    },
    {
      "id": "ankara-60",
      "name": "Nöbetçi Eczane Bulunamadı",
      "address": "Aradığınız kriterlere uygun nöbetçi eczane bulunamadı. Lütfen farklı bir arama deneyin.",
      "phone": "",
      "district": "Ankara",
      "city": "Ankara",
      "latitude": 0,
      "longitude": 0,
      "dutyStart": "2026-02-20T08:30:00.000Z",
      "dutyEnd": "2026-02-21T08:30:00.000Z"
    }
  ]
}